Unnamed: 0,laufkont,laufzeit,moral,verw,hoehe,sparkont,beszeit,rate,famges,buerge,wohnzeit,verm,alter,weitkred,wohn,bishkred,beruf,pers,telef,gastarb,kredit
0.0,1.0,19.0,4.0,2.0,1123.0,1.0,2.0,4.0,2.0,1.0,4.0,2.0,21.0,3.0,2.0,1.0,3.0,2.0,1.0,2.0,1
1.0,1.0,9.0,4.0,0.0,2801.0,1.0,3.0,2.0,3.0,1.0,2.0,1.0,36.0,3.0,2.0,2.0,3.0,2.0,1.0,2.0,1
2.0,2.0,12.0,2.0,6.0,938.0,2.0,4.0,2.0,2.0,1.0,4.0,1.0,25.0,3.0,2.0,1.0,3.0,2.0,1.0,2.0,1
3.0,1.0,13.0,4.0,0.0,2233.0,1.0,3.0,3.0,3.0,1.0,2.0,1.0,42.0,3.0,2.0,2.0,3.0,2.0,1.0,2.0,1
4.0,1.0,13.0,4.0,0.0,2251.0,1.0,3.0,5.0,3.0,1.0,4.0,2.0,41.0,3.0,2.0,2.0,3.0,2.0,1.0,2.0,1
5.0,1.0,10.0,4.0,0.0,2192.0,1.0,2.0,1.0,3.0,1.0,3.0,1.0,51.0,3.0,2.0,2.0,3.0,2.0,1.0,2.0,1
6.0,1.0,9.0,4.0,0.0,3568.0,1.0,4.0,1.0,3.0,1.0,4.0,1.0,39.0,3.0,2.0,2.0,3.0,2.0,1.0,2.0,1
7.0,1.0,6.0,4.0,0.0,1417.0,1.0,2.0,2.0,3.0,1.0,4.0,4.0,41.0,3.0,2.0,1.0,3.0,2.0,1.0,2.0,1
9.0,4.0,19.0,4.0,3.0,1162.0,1.0,1.0,4.0,2.0,1.0,4.0,3.0,67.0,3.0,2.0,2.0,3.0,2.0,1.0,2.0,1
10.0,2.0,26.0,2.0,5.0,3918.0,3.0,1.0,1.0,2.0,1.0,4.0,4.0,23.0,3.0,2.0,1.0,3.0,2.0,1.0,2.0,1
10.0,1.0,11.0,4.0,0.0,4130.0,1.0,3.0,2.0,3.0,1.0,2.0,1.0,37.0,3.0,2.0,2.0,3.0,2.0,1.0,2.0,1
12.0,1.0,27.0,4.0,1.0,7096.0,2.0,4.0,1.0,4.0,1.0,4.0,3.0,25.0,3.0,2.0,2.0,3.0,2.0,1.0,2.0,1
12.0,1.0,6.0,4.0,3.0,2038.0,1.0,4.0,1.0,2.0,1.0,4.0,3.0,31.0,3.0,2.0,1.0,3.0,2.0,1.0,2.0,1
13.0,2.0,47.0,3.0,7.0,7821.0,2.0,1.0,2.0,3.0,1.0,4.0,4.0,30.0,3.0,2.0,1.0,3.0,2.0,2.0,2.0,1
13.0,1.0,19.0,2.0,3.0,1884.0,6.0,4.0,2.0,4.0,1.0,4.0,3.0,23.0,3.0,2.0,2.0,3.0,2.0,1.0,2.0,1
17.0,1.0,6.0,2.0,3.0,2759.0,3.0,3.0,2.0,3.0,1.0,3.0,1.0,50.0,3.0,2.0,1.0,3.0,2.0,1.0,2.0,1
17.0,1.0,13.0,4.0,0.0,4150.0,1.0,3.0,1.0,3.0,1.0,2.0,1.0,39.0,3.0,2.0,2.0,3.0,2.0,1.0,2.0,1
18.0,2.0,20.0,2.0,3.0,3583.0,3.0,2.0,1.0,4.0,1.0,3.0,1.0,28.0,3.0,2.0,1.0,3.0,2.0,1.0,2.0,1
18.0,2.0,39.0,4.0,3.0,2695.0,1.0,5.0,4.0,3.0,1.0,4.0,1.0,40.0,3.0,2.0,1.0,3.0,2.0,1.0,2.0,1
21.0,4.0,13.0,4.0,0.0,7306.0,1.0,3.0,1.0,3.0,1.0,4.0,2.0,44.0,3.0,2.0,2.0,3.0,2.0,1.0,2.0,1
19.0,1.0,6.0,4.0,0.0,3867.0,1.0,3.0,1.0,3.0,1.0,3.0,1.0,43.0,3.0,2.0,3.0,3.0,2.0,1.0,2.0,1
22.0,2.0,11.0,5.0,0.0,3276.0,1.0,2.0,1.0,3.0,1.0,3.0,1.0,52.0,3.0,2.0,2.0,3.0,2.0,1.0,2.0,1
23.0,2.0,43.0,2.0,5.0,2453.0,1.0,2.0,4.0,3.0,1.0,1.0,4.0,32.0,3.0,2.0,1.0,3.0,2.0,1.0,2.0,0
26.0,2.0,12.0,4.0,4.0,1428.0,1.0,5.0,4.0,3.0,1.0,3.0,2.0,26.0,3.0,2.0,1.0,3.0,2.0,1.0,2.0,1
23.0,1.0,7.0,4.0,0.0,5225.0,5.0,2.0,1.0,3.0,1.0,3.0,1.0,46.0,3.0,2.0,2.0,3.0,2.0,1.0,2.0,1
25.0,2.0,12.0,3.0,3.0,5028.0,1.0,4.0,2.0,3.0,1.0,4.0,2.0,52.0,3.0,2.0,1.0,3.0,2.0,1.0,2.0,1
28.0,1.0,14.0,2.0,2.0,690.0,1.0,5.0,4.0,2.0,1.0,4.0,2.0,25.0,3.0,2.0,1.0,3.0,2.0,1.0,2.0,1
28.0,2.0,10.0,4.0,3.0,1191.0,1.0,5.0,2.0,3.0,1.0,4.0,1.0,40.0,3.0,2.0,3.0,3.0,2.0,1.0,2.0,1
31.0,4.0,15.0,2.0,0.0,3421.0,5.0,3.0,3.0,3.0,1.0,2.0,4.0,32.0,3.0,2.0,1.0,3.0,2.0,1.0,2.0,1
30.0,3.0,43.0,4.0,1.0,5170.0,1.0,5.0,4.0,3.0,1.0,4.0,4.0,56.0,3.0,2.0,1.0,3.0,2.0,1.0,2.0,1
31.0,3.0,29.0,4.0,3.0,3049.0,1.0,5.0,4.0,3.0,1.0,4.0,2.0,49.0,3.0,2.0,1.0,3.0,2.0,1.0,2.0,1
33.0,4.0,35.0,5.0,0.0,3945.0,1.0,5.0,4.0,3.0,1.0,4.0,3.0,38.0,3.0,2.0,2.0,3.0,2.0,2.0,2.0,1
36.0,4.0,40.0,4.0,0.0,6486.0,1.0,5.0,4.0,3.0,1.0,4.0,3.0,34.0,3.0,2.0,2.0,3.0,2.0,2.0,2.0,1
33.0,4.0,23.0,2.0,3.0,1404.0,3.0,4.0,4.0,2.0,1.0,1.0,3.0,29.0,3.0,2.0,1.0,3.0,2.0,1.0,2.0,1
34.0,1.0,15.0,2.0,0.0,1762.0,1.0,2.0,2.0,3.0,1.0,3.0,1.0,38.0,3.0,2.0,1.0,3.0,2.0,1.0,2.0,1
36.0,1.0,7.0,4.0,0.0,915.0,1.0,5.0,1.0,2.0,1.0,4.0,4.0,41.0,3.0,2.0,2.0,3.0,2.0,2.0,2.0,1
36.0,4.0,13.0,4.0,0.0,1565.0,1.0,5.0,4.0,3.0,1.0,1.0,1.0,42.0,3.0,2.0,2.0,3.0,2.0,1.0,2.0,1
41.0,5.0,13.0,4.0,3.0,2079.0,1.0,5.0,2.0,3.0,1.0,2.0,4.0,27.0,3.0,2.0,2.0,3.0,2.0,1.0,2.0,1
42.0,4.0,19.0,2.0,1.0,3677.0,5.0,3.0,2.0,3.0,1.0,1.0,2.0,33.0,3.0,2.0,1.0,3.0,2.0,2.0,2.0,1
42.0,4.0,25.0,4.0,1.0,4128.0,1.0,5.0,4.0,2.0,1.0,2.0,3.0,42.0,3.0,2.0,2.0,3.0,2.0,2.0,2.0,1
41.0,4.0,13.0,4.0,6.0,1041.0,6.0,4.0,4.0,2.0,1.0,4.0,1.0,22.0,3.0,2.0,2.0,3.0,2.0,1.0,2.0,1
45.0,1.0,25.0,2.0,7.0,1697.0,1.0,5.0,4.0,2.0,1.0,4.0,1.0,66.0,3.0,2.0,1.0,3.0,2.0,2.0,2.0,1
43.0,4.0,20.0,4.0,0.0,1011.0,1.0,3.0,4.0,2.0,1.0,3.0,1.0,38.0,3.0,2.0,2.0,3.0,2.0,1.0,2.0,1
46.0,2.0,25.0,4.0,6.0,2741.0,5.0,4.0,4.0,3.0,1.0,3.0,4.0,37.0,3.0,2.0,2.0,3.0,2.0,2.0,2.0,1
45.0,2.0,19.0,2.0,6.0,1250.0,5.0,3.0,4.0,3.0,1.0,4.0,4.0,35.0,3.0,2.0,1.0,3.0,2.0,1.0,2.0,1
46.0,1.0,21.0,2.0,0.0,1205.0,1.0,2.0,4.0,2.0,1.0,3.0,3.0,25.0,3.0,2.0,1.0,3.0,2.0,2.0,2.0,0
44.0,4.0,23.0,2.0,6.0,1403.0,1.0,4.0,4.0,3.0,1.0,1.0,1.0,27.0,3.0,2.0,1.0,3.0,2.0,2.0,2.0,1
48.0,4.0,20.0,4.0,6.0,1878.0,2.0,3.0,4.0,2.0,1.0,2.0,1.0,32.0,3.0,2.0,2.0,3.0,2.0,1.0,2.0,0
54.0,5.0,25.0,2.0,0.0,1518.0,2.0,2.0,4.0,4.0,1.0,3.0,1.0,35.0,3.0,2.0,1.0,3.0,2.0,2.0,2.0,1
50.0,1.0,24.0,4.0,6.0,1447.0,2.0,4.0,4.0,3.0,1.0,1.0,1.0,26.0,3.0,2.0,2.0,3.0,2.0,2.0,2.0,1
49.0,4.0,13.0,2.0,0.0,662.0,1.0,3.0,4.0,1.0,1.0,2.0,1.0,51.0,3.0,2.0,1.0,3.0,2.0,1.0,2.0,1
53.0,3.0,38.0,2.0,3.0,4392.0,1.0,3.0,2.0,3.0,1.0,2.0,1.0,24.0,3.0,2.0,1.0,3.0,2.0,2.0,2.0,1
50.0,4.0,9.0,4.0,0.0,1200.0,1.0,3.0,3.0,3.0,1.0,1.0,1.0,30.0,3.0,2.0,2.0,3.0,2.0,1.0,2.0,1
53.0,4.0,12.0,4.0,3.0,2433.0,6.0,5.0,1.0,3.0,1.0,4.0,1.0,50.0,3.0,2.0,1.0,3.0,2.0,2.0,2.0,1
55.0,4.0,27.0,2.0,1.0,7112.0,5.0,5.0,3.0,3.0,1.0,4.0,4.0,44.0,3.0,2.0,3.0,3.0,2.0,2.0,2.0,1
57.0,1.0,12.0,4.0,3.0,428.0,1.0,5.0,4.0,2.0,1.0,3.0,1.0,64.0,3.0,2.0,3.0,3.0,2.0,2.0,2.0,1
62.0,4.0,13.0,4.0,3.0,1688.0,1.0,6.0,2.0,3.0,1.0,4.0,1.0,66.0,3.0,2.0,2.0,3.0,2.0,2.0,2.0,1
67.0,1.0,15.0,2.0,3.0,1051.0,1.0,2.0,4.0,4.0,1.0,2.0,1.0,28.0,4.0,2.0,1.0,3.0,2.0,1.0,2.0,1
60.0,4.0,24.0,2.0,3.0,3457.0,5.0,5.0,4.0,3.0,1.0,3.0,2.0,45.0,3.0,2.0,1.0,3.0,2.0,2.0,2.0,1
58.0,4.0,35.0,2.0,0.0,2970.0,5.0,3.0,4.0,3.0,1.0,4.0,1.0,36.0,3.0,2.0,1.0,3.0,2.0,2.0,2.0,1
57.0,4.0,12.0,4.0,0.0,1125.0,3.0,3.0,4.0,3.0,1.0,4.0,1.0,45.0,3.0,2.0,1.0,3.0,2.0,2.0,2.0,1
70.0,4.0,24.0,2.0,1.0,2755.0,1.0,2.0,4.0,2.0,1.0,1.0,4.0,32.0,3.0,2.0,2.0,3.0,2.0,2.0,2.0,1
68.0,4.0,43.0,4.0,3.0,3731.0,5.0,5.0,4.0,3.0,1.0,1.0,1.0,49.0,3.0,2.0,1.0,3.0,2.0,2.0,2.0,1
68.0,4.0,40.0,3.0,0.0,8534.0,1.0,5.0,2.0,3.0,1.0,2.0,3.0,44.0,3.0,2.0,2.0,3.0,2.0,2.0,2.0,1
67.0,1.0,12.0,3.0,0.0,1352.0,1.0,3.0,4.0,3.0,1.0,2.0,1.0,44.0,3.0,2.0,2.0,3.0,2.0,1.0,2.0,1
66.0,4.0,7.0,4.0,3.0,1300.0,2.0,3.0,1.0,2.0,1.0,1.0,2.0,30.0,3.0,2.0,2.0,3.0,2.0,1.0,2.0,1
73.0,4.0,12.0,2.0,3.0,3139.0,1.0,3.0,2.0,3.0,1.0,4.0,3.0,54.0,3.0,2.0,1.0,3.0,2.0,2.0,2.0,1
69.0,4.0,23.0,2.0,3.0,2437.0,1.0,4.0,4.0,4.0,1.0,2.0,3.0,29.0,3.0,2.0,1.0,3.0,2.0,2.0,2.0,1
72.0,2.0,13.0,2.0,3.0,1466.0,1.0,3.0,1.0,2.0,1.0,1.0,3.0,25.0,3.0,2.0,1.0,3.0,2.0,2.0,2.0,1
71.0,4.0,26.0,3.0,1.0,2155.0,1.0,6.0,4.0,3.0,1.0,4.0,4.0,64.0,3.0,2.0,2.0,3.0,2.0,2.0,2.0,1
77.0,2.0,22.0,4.0,2.0,2828.0,4.0,4.0,3.0,3.0,1.0,2.0,3.0,35.0,3.0,2.0,2.0,3.0,2.0,2.0,2.0,1
75.0,4.0,33.0,2.0,3.0,2183.0,5.0,5.0,4.0,3.0,1.0,4.0,3.0,61.0,3.0,2.0,1.0,3.0,2.0,2.0,2.0,1
76.0,4.0,38.0,2.0,3.0,2363.0,3.0,6.0,4.0,3.0,1.0,4.0,3.0,43.0,3.0,2.0,1.0,3.0,2.0,1.0,2.0,1
78.0,4.0,23.0,4.0,2.0,903.0,6.0,4.0,4.0,3.0,1.0,2.0,3.0,33.0,3.0,2.0,1.0,3.0,2.0,2.0,2.0,1
78.0,3.0,13.0,2.0,3.0,3654.0,6.0,5.0,2.0,3.0,1.0,3.0,3.0,40.0,3.0,2.0,1.0,3.0,2.0,1.0,2.0,1
77.0,2.0,9.0,2.0,2.0,2111.0,5.0,4.0,2.0,3.0,1.0,1.0,3.0,25.0,3.0,2.0,1.0,3.0,2.0,2.0,2.0,1
74.0,4.0,23.0,4.0,1.0,3275.0,1.0,5.0,1.0,3.0,1.0,4.0,3.0,40.0,3.0,2.0,1.0,3.0,2.0,2.0,2.0,1
84.0,4.0,25.0,4.0,0.0,2261.0,4.0,5.0,4.0,3.0,1.0,4.0,1.0,62.0,3.0,2.0,1.0,3.0,2.0,2.0,2.0,1
81.0,1.0,24.0,4.0,0.0,1625.0,1.0,5.0,4.0,4.0,1.0,3.0,3.0,30.0,3.0,2.0,2.0,3.0,2.0,2.0,2.0,1
85.0,4.0,17.0,2.0,2.0,2019.0,5.0,5.0,4.0,3.0,1.0,2.0,3.0,36.0,3.0,2.0,1.0,3.0,2.0,1.0,2.0,1
83.0,4.0,25.0,4.0,0.0,2179.0,1.0,3.0,4.0,2.0,1.0,4.0,3.0,38.0,3.0,2.0,1.0,3.0,2.0,2.0,2.0,1
80.0,4.0,37.0,4.0,3.0,3543.0,5.0,5.0,4.0,2.0,1.0,2.0,3.0,58.0,4.0,2.0,1.0,3.0,2.0,2.0,2.0,1
82.0,2.0,18.0,2.0,0.0,6329.0,2.0,3.0,2.0,3.0,1.0,2.0,3.0,29.0,3.0,2.0,2.0,3.0,2.0,2.0,2.0,1
84.0,3.0,16.0,4.0,1.0,2730.0,3.0,3.0,2.0,3.0,1.0,2.0,3.0,36.0,3.0,2.0,1.0,3.0,2.0,2.0,2.0,1
86.0,4.0,16.0,4.0,2.0,1568.0,5.0,5.0,4.0,3.0,1.0,4.0,2.0,68.0,3.0,2.0,1.0,3.0,2.0,1.0,2.0,1
97.0,1.0,12.0,2.0,0.0,3745.0,4.0,3.0,1.0,3.0,1.0,3.0,2.0,33.0,3.0,2.0,1.0,3.0,2.0,1.0,2.0,1
94.0,4.0,26.0,3.0,1.0,2234.0,1.0,4.0,5.0,3.0,1.0,3.0,3.0,35.0,3.0,2.0,2.0,3.0,2.0,2.0,2.0,1
93.0,4.0,39.0,3.0,3.0,4604.0,1.0,3.0,4.0,2.0,1.0,4.0,1.0,35.0,3.0,2.0,2.0,3.0,2.0,1.0,2.0,1
90.0,1.0,7.0,4.0,0.0,701.0,4.0,5.0,3.0,2.0,1.0,4.0,1.0,40.0,3.0,2.0,2.0,3.0,2.0,2.0,2.0,1
93.0,4.0,23.0,3.0,0.0,2067.0,5.0,3.0,4.0,2.0,1.0,4.0,3.0,44.0,3.0,2.0,2.0,3.0,2.0,2.0,2.0,1
95.0,2.0,12.0,4.0,0.0,2088.0,2.0,2.0,4.0,3.0,1.0,1.0,3.0,26.0,3.0,2.0,1.0,3.0,2.0,1.0,2.0,1
94.0,2.0,34.0,2.0,3.0,2997.0,5.0,5.0,2.0,2.0,1.0,4.0,3.0,27.0,3.0,2.0,1.0,3.0,2.0,1.0,2.0,1
95.0,2.0,30.0,0.0,6.0,4213.0,1.0,3.0,2.0,2.0,1.0,1.0,3.0,29.0,3.0,2.0,2.0,3.0,2.0,1.0,2.0,1
101.0,1.0,9.0,2.0,3.0,1534.0,1.0,4.0,3.0,3.0,1.0,4.0,1.0,63.0,3.0,2.0,1.0,3.0,2.0,1.0,2.0,1
99.0,2.0,18.0,4.0,2.0,6905.0,1.0,5.0,2.0,3.0,1.0,1.0,4.0,43.0,3.0,2.0,1.0,3.0,2.0,2.0,2.0,1
100.0,4.0,27.0,4.0,2.0,4525.0,5.0,2.0,4.0,3.0,1.0,2.0,1.0,32.0,3.0,2.0,2.0,3.0,2.0,2.0,2.0,1
102.0,2.0,12.0,4.0,3.0,4242.0,1.0,3.0,1.0,2.0,1.0,1.0,1.0,24.0,3.0,2.0,1.0,3.0,2.0,1.0,2.0,1
95.0,2.0,37.0,3.0,7.0,4632.0,1.0,3.0,2.0,1.0,1.0,2.0,1.0,34.0,3.0,2.0,2.0,3.0,2.0,2.0,2.0,0
100.0,1.0,9.0,2.0,2.0,2572.0,1.0,3.0,3.0,3.0,1.0,2.0,1.0,27.0,3.0,2.0,3.0,3.0,2.0,1.0,2.0,1
115.0,2.0,46.0,4.0,6.0,6275.0,1.0,4.0,3.0,2.0,1.0,1.0,1.0,43.0,3.0,2.0,2.0,3.0,2.0,1.0,2.0,1
102.0,4.0,25.0,4.0,2.0,4120.0,4.0,3.0,4.0,3.0,1.0,4.0,1.0,41.0,3.0,2.0,1.0,3.0,2.0,2.0,2.0,1
115.0,1.0,16.0,2.0,6.0,869.0,1.0,5.0,4.0,2.0,1.0,4.0,2.0,24.0,3.0,2.0,1.0,3.0,2.0,1.0,2.0,1
100.0,2.0,25.0,3.0,7.0,4554.0,5.0,3.0,4.0,3.0,1.0,2.0,2.0,36.0,3.0,2.0,2.0,3.0,2.0,2.0,2.0,1
110.0,2.0,37.0,3.0,0.0,6790.0,1.0,3.0,2.0,2.0,1.0,2.0,2.0,53.0,3.0,2.0,1.0,3.0,2.0,1.0,2.0,1
103.0,4.0,25.0,4.0,3.0,1917.0,1.0,4.0,4.0,4.0,1.0,2.0,3.0,38.0,3.0,2.0,2.0,3.0,2.0,2.0,2.0,1
102.0,4.0,27.0,2.0,0.0,1450.0,1.0,3.0,2.0,3.0,1.0,2.0,1.0,31.0,4.0,2.0,1.0,3.0,2.0,2.0,2.0,1
105.0,4.0,13.0,4.0,6.0,1336.0,1.0,3.0,4.0,2.0,1.0,2.0,1.0,31.0,3.0,2.0,2.0,3.0,2.0,2.0,2.0,1
113.0,4.0,19.0,2.0,3.0,1573.0,1.0,2.0,3.0,4.0,1.0,4.0,1.0,42.0,3.0,2.0,1.0,3.0,2.0,2.0,2.0,1
120.0,3.0,24.0,2.0,3.0,1718.0,1.0,2.0,4.0,2.0,1.0,3.0,3.0,40.0,3.0,2.0,1.0,3.0,2.0,2.0,2.0,1
120.0,4.0,14.0,4.0,5.0,1985.0,5.0,4.0,4.0,2.0,1.0,2.0,3.0,63.0,3.0,2.0,1.0,3.0,2.0,1.0,2.0,1
110.0,1.0,15.0,2.0,0.0,4013.0,1.0,3.0,3.0,2.0,1.0,2.0,2.0,31.0,3.0,2.0,1.0,3.0,2.0,2.0,2.0,0
119.0,1.0,6.0,2.0,2.0,457.0,1.0,5.0,2.0,2.0,1.0,1.0,2.0,54.0,3.0,2.0,1.0,3.0,2.0,2.0,2.0,1
125.0,2.0,12.0,3.0,0.0,2587.0,3.0,4.0,3.0,1.0,1.0,3.0,3.0,37.0,3.0,2.0,1.0,3.0,2.0,2.0,2.0,1
120.0,4.0,12.0,2.0,2.0,782.0,1.0,3.0,4.0,2.0,1.0,1.0,1.0,28.0,3.0,2.0,1.0,3.0,2.0,2.0,2.0,1
126.0,2.0,22.0,2.0,2.0,4336.0,5.0,4.0,2.0,3.0,1.0,3.0,3.0,36.0,3.0,2.0,1.0,3.0,2.0,2.0,2.0,1
116.0,2.0,20.0,2.0,0.0,6624.0,1.0,4.0,3.0,3.0,1.0,3.0,1.0,28.0,3.0,2.0,1.0,3.0,2.0,1.0,2.0,1
132.0,2.0,9.0,4.0,2.0,1866.0,1.0,4.0,4.0,3.0,1.0,3.0,3.0,37.0,3.0,2.0,1.0,3.0,2.0,2.0,3.0,1
120.0,4.0,23.0,2.0,6.0,2741.0,4.0,3.0,2.0,2.0,1.0,4.0,3.0,31.0,3.0,2.0,1.0,3.0,2.0,2.0,2.0,1
127.0,4.0,8.0,4.0,6.0,947.0,3.0,6.0,4.0,3.0,1.0,2.0,3.0,56.0,3.0,2.0,2.0,3.0,2.0,2.0,2.0,1
121.0,4.0,25.0,2.0,2.0,3299.0,3.0,5.0,4.0,3.0,1.0,3.0,4.0,32.0,3.0,2.0,1.0,3.0,2.0,2.0,2.0,1
124.0,2.0,39.0,2.0,3.0,5352.0,1.0,2.0,4.0,2.0,1.0,1.0,4.0,32.0,3.0,2.0,1.0,3.0,2.0,2.0,2.0,1
131.0,4.0,39.0,4.0,1.0,6699.0,1.0,5.0,2.0,3.0,1.0,2.0,2.0,36.0,3.0,2.0,2.0,3.0,2.0,2.0,2.0,1
126.0,2.0,6.0,2.0,3.0,2153.0,1.0,2.0,4.0,4.0,1.0,3.0,3.0,30.0,3.0,2.0,1.0,3.0,2.0,2.0,2.0,1
137.0,4.0,15.0,4.0,3.0,1583.0,1.0,3.0,4.0,2.0,1.0,2.0,3.0,42.0,3.0,2.0,1.0,3.0,2.0,1.0,2.0,1
125.0,4.0,15.0,2.0,3.0,1343.0,3.0,5.0,4.0,3.0,1.0,3.0,2.0,45.0,3.0,2.0,1.0,3.0,2.0,2.0,2.0,1
146.0,4.0,23.0,4.0,3.0,5620.0,1.0,2.0,3.0,4.0,1.0,3.0,4.0,50.0,3.0,2.0,3.0,3.0,2.0,2.0,2.0,1
134.0,4.0,17.0,2.0,4.0,879.0,5.0,2.0,4.0,2.0,1.0,1.0,1.0,23.0,3.0,2.0,1.0,3.0,2.0,1.0,2.0,1
135.0,4.0,7.0,2.0,2.0,3134.0,3.0,3.0,1.0,3.0,1.0,2.0,3.0,34.0,3.0,2.0,1.0,3.0,2.0,2.0,2.0,1
147.0,4.0,20.0,2.0,0.0,1838.0,1.0,3.0,4.0,4.0,1.0,2.0,2.0,28.0,3.0,2.0,1.0,3.0,2.0,2.0,2.0,1
133.0,4.0,25.0,4.0,3.0,3154.0,2.0,5.0,3.0,3.0,1.0,2.0,1.0,37.0,3.0,2.0,1.0,3.0,2.0,2.0,2.0,1
131.0,3.0,23.0,2.0,2.0,2182.0,1.0,3.0,2.0,3.0,1.0,2.0,1.0,26.0,3.0,2.0,1.0,3.0,2.0,1.0,2.0,1
135.0,4.0,20.0,2.0,2.0,2942.0,1.0,3.0,4.0,3.0,1.0,4.0,1.0,47.0,3.0,2.0,1.0,3.0,2.0,2.0,2.0,1
135.0,3.0,6.0,2.0,2.0,2064.0,1.0,3.0,2.0,3.0,1.0,2.0,1.0,35.0,3.0,2.0,1.0,3.0,2.0,2.0,2.0,1
137.0,4.0,18.0,2.0,3.0,1609.0,1.0,2.0,3.0,2.0,1.0,1.0,1.0,25.0,3.0,2.0,1.0,3.0,2.0,1.0,2.0,1
135.0,4.0,10.0,2.0,6.0,1333.0,1.0,4.0,2.0,2.0,1.0,4.0,3.0,68.0,3.0,2.0,1.0,3.0,2.0,2.0,2.0,1
151.0,4.0,6.0,2.0,2.0,1570.0,4.0,3.0,4.0,1.0,1.0,2.0,1.0,36.0,3.0,2.0,1.0,3.0,2.0,1.0,2.0,1
137.0,2.0,12.0,2.0,0.0,1414.0,4.0,5.0,4.0,3.0,1.0,4.0,1.0,56.0,3.0,2.0,1.0,3.0,2.0,2.0,2.0,1
138.0,1.0,26.0,4.0,0.0,2328.0,2.0,4.0,2.0,3.0,1.0,3.0,4.0,32.0,3.0,2.0,1.0,3.0,2.0,1.0,2.0,1
150.0,2.0,6.0,5.0,6.0,1008.0,6.0,4.0,1.0,2.0,1.0,3.0,2.0,42.0,3.0,2.0,2.0,3.0,2.0,1.0,2.0,1
129.0,3.0,24.0,4.0,3.0,3209.0,5.0,3.0,3.0,3.0,1.0,2.0,3.0,30.0,3.0,2.0,2.0,3.0,2.0,2.0,2.0,1
147.0,4.0,37.0,2.0,3.0,3919.0,5.0,5.0,2.0,2.0,1.0,4.0,1.0,49.0,3.0,2.0,1.0,3.0,2.0,2.0,2.0,1
160.0,4.0,9.0,2.0,6.0,4492.0,6.0,5.0,1.0,3.0,1.0,4.0,1.0,72.0,3.0,2.0,1.0,3.0,2.0,1.0,2.0,1
147.0,2.0,27.0,2.0,6.0,5705.0,2.0,5.0,2.0,2.0,1.0,4.0,3.0,44.0,3.0,2.0,1.0,3.0,2.0,2.0,2.0,1
151.0,4.0,9.0,5.0,2.0,2660.0,1.0,1.0,2.0,3.0,1.0,3.0,3.0,31.0,3.0,2.0,1.0,3.0,2.0,1.0,2.0,1
157.0,4.0,36.0,2.0,3.0,2650.0,5.0,3.0,5.0,2.0,1.0,4.0,3.0,26.0,3.0,2.0,1.0,3.0,2.0,1.0,2.0,1
156.0,4.0,21.0,2.0,1.0,2481.0,5.0,5.0,4.0,3.0,1.0,4.0,1.0,50.0,3.0,2.0,1.0,3.0,2.0,2.0,2.0,1
140.0,1.0,25.0,2.0,1.0,3309.0,5.0,6.0,4.0,3.0,1.0,4.0,4.0,49.0,3.0,2.0,1.0,3.0,2.0,2.0,2.0,1
158.0,1.0,13.0,2.0,2.0,1272.0,5.0,5.0,2.0,1.0,1.0,4.0,2.0,51.0,3.0,2.0,1.0,3.0,2.0,2.0,2.0,1
150.0,5.0,13.0,2.0,6.0,1553.0,1.0,4.0,2.0,3.0,1.0,4.0,3.0,42.0,3.0,2.0,1.0,3.0,2.0,2.0,2.0,1
163.0,2.0,26.0,4.0,3.0,1829.0,1.0,5.0,4.0,3.0,1.0,2.0,2.0,51.0,3.0,2.0,2.0,3.0,2.0,1.0,2.0,1
163.0,3.0,13.0,1.0,3.0,415.0,4.0,3.0,3.0,2.0,1.0,3.0,1.0,47.0,3.0,2.0,1.0,3.0,2.0,1.0,2.0,1
162.0,3.0,13.0,2.0,3.0,2252.0,1.0,2.0,2.0,2.0,1.0,2.0,3.0,32.0,3.0,2.0,1.0,3.0,2.0,1.0,2.0,1
169.0,4.0,45.0,4.0,1.0,7793.0,6.0,4.0,2.0,3.0,1.0,1.0,4.0,37.0,3.0,2.0,2.0,3.0,2.0,2.0,2.0,1
159.0,2.0,26.0,2.0,0.0,3634.0,2.0,4.0,2.0,3.0,1.0,3.0,3.0,40.0,3.0,2.0,2.0,3.0,2.0,2.0,2.0,1
175.0,2.0,12.0,2.0,3.0,1227.0,3.0,3.0,3.0,1.0,1.0,1.0,3.0,26.0,3.0,2.0,1.0,3.0,2.0,2.0,2.0,1
149.0,4.0,25.0,4.0,3.0,2864.0,1.0,3.0,4.0,3.0,1.0,2.0,1.0,36.0,3.0,2.0,2.0,3.0,2.0,2.0,2.0,1
162.0,1.0,12.0,2.0,7.0,1568.0,1.0,3.0,4.0,2.0,1.0,1.0,3.0,34.0,3.0,2.0,1.0,3.0,2.0,1.0,2.0,1
171.0,4.0,32.0,4.0,3.0,6048.0,1.0,4.0,3.0,3.0,1.0,2.0,3.0,42.0,3.0,2.0,1.0,3.0,2.0,1.0,2.0,1
161.0,2.0,42.0,1.0,6.0,6643.0,1.0,5.0,4.0,2.0,1.0,3.0,4.0,66.0,3.0,2.0,1.0,3.0,2.0,1.0,2.0,0
158.0,2.0,14.0,4.0,2.0,3754.0,1.0,6.0,1.0,3.0,1.0,4.0,3.0,33.0,3.0,2.0,3.0,3.0,2.0,2.0,2.0,1
176.0,4.0,12.0,4.0,3.0,1192.0,1.0,3.0,4.0,2.0,1.0,2.0,2.0,36.0,3.0,2.0,2.0,3.0,2.0,1.0,2.0,1
182.0,3.0,25.0,4.0,6.0,1315.0,4.0,3.0,2.0,1.0,1.0,4.0,1.0,36.0,3.0,2.0,2.0,3.0,2.0,2.0,2.0,1
172.0,4.0,25.0,2.0,2.0,3994.0,1.0,4.0,2.0,2.0,1.0,4.0,2.0,25.0,3.0,2.0,1.0,3.0,2.0,2.0,2.0,1
170.0,4.0,15.0,4.0,2.0,3379.0,1.0,3.0,4.0,3.0,1.0,2.0,4.0,27.0,3.0,2.0,1.0,3.0,2.0,2.0,2.0,1
171.0,3.0,17.0,2.0,4.0,421.0,1.0,2.0,4.0,2.0,1.0,4.0,2.0,25.0,3.0,2.0,1.0,3.0,2.0,2.0,2.0,1
176.0,4.0,9.0,4.0,1.0,2199.0,1.0,3.0,4.0,3.0,1.0,4.0,3.0,52.0,3.0,2.0,3.0,3.0,2.0,2.0,2.0,1
156.0,4.0,34.0,4.0,3.0,6063.0,1.0,4.0,4.0,2.0,1.0,2.0,3.0,26.0,3.0,2.0,2.0,3.0,2.0,1.0,2.0,1
186.0,4.0,26.0,4.0,6.0,4892.0,1.0,3.0,3.0,3.0,1.0,2.0,1.0,67.0,3.0,2.0,1.0,3.0,2.0,2.0,2.0,1
169.0,3.0,16.0,4.0,2.0,2872.0,1.0,4.0,4.0,2.0,1.0,3.0,3.0,23.0,3.0,2.0,2.0,3.0,2.0,1.0,2.0,1
163.0,4.0,7.0,5.0,3.0,1516.0,1.0,3.0,1.0,2.0,1.0,1.0,4.0,31.0,3.0,2.0,2.0,3.0,2.0,2.0,2.0,1
176.0,3.0,35.0,2.0,3.0,5831.0,1.0,3.0,4.0,3.0,1.0,1.0,3.0,28.0,3.0,2.0,1.0,3.0,2.0,1.0,2.0,1
192.0,1.0,14.0,2.0,0.0,1222.0,1.0,3.0,4.0,2.0,1.0,2.0,1.0,25.0,3.0,2.0,1.0,3.0,2.0,1.0,2.0,0
154.0,3.0,13.0,2.0,3.0,1325.0,1.0,3.0,3.0,5.0,1.0,4.0,1.0,24.0,3.0,2.0,1.0,3.0,2.0,1.0,2.0,1
180.0,4.0,26.0,2.0,3.0,1845.0,1.0,4.0,3.0,3.0,1.0,1.0,3.0,32.0,3.0,2.0,1.0,3.0,2.0,1.0,2.0,1
168.0,4.0,13.0,2.0,3.0,1908.0,1.0,4.0,4.0,3.0,1.0,2.0,3.0,33.0,3.0,2.0,2.0,3.0,2.0,2.0,2.0,1
171.0,4.0,25.0,2.0,3.0,3671.0,3.0,5.0,3.0,1.0,1.0,2.0,3.0,37.0,3.0,2.0,1.0,3.0,2.0,2.0,2.0,1
201.0,4.0,26.0,4.0,7.0,4454.0,2.0,3.0,3.0,3.0,1.0,3.0,2.0,27.0,3.0,2.0,2.0,3.0,2.0,2.0,2.0,1
183.0,2.0,12.0,4.0,1.0,1896.0,2.0,2.0,3.0,3.0,1.0,4.0,2.0,47.0,3.0,2.0,1.0,3.0,2.0,1.0,2.0,1
187.0,4.0,17.0,2.0,7.0,2183.0,1.0,4.0,4.0,4.0,1.0,1.0,3.0,36.0,3.0,2.0,2.0,3.0,2.0,2.0,2.0,1
184.0,4.0,42.0,3.0,3.0,8339.0,3.0,4.0,4.0,3.0,1.0,1.0,3.0,39.0,3.0,2.0,1.0,3.0,2.0,2.0,2.0,1
192.0,4.0,9.0,2.0,4.0,1236.0,1.0,2.0,1.0,2.0,1.0,2.0,1.0,26.0,3.0,2.0,1.0,3.0,2.0,2.0,2.0,1
206.0,4.0,17.0,4.0,0.0,1109.0,1.0,2.0,4.0,2.0,1.0,1.0,2.0,32.0,3.0,2.0,2.0,3.0,2.0,1.0,2.0,1
196.0,1.0,30.0,0.0,6.0,8119.0,5.0,2.0,2.0,3.0,1.0,3.0,3.0,29.0,3.0,2.0,3.0,3.0,2.0,1.0,2.0,1
204.0,4.0,33.0,4.0,3.0,2932.0,1.0,3.0,4.0,2.0,1.0,2.0,3.0,35.0,3.0,2.0,1.0,3.0,2.0,2.0,2.0,1
203.0,4.0,9.0,2.0,6.0,1624.0,1.0,4.0,3.0,2.0,1.0,2.0,3.0,27.0,3.0,2.0,2.0,3.0,2.0,1.0,2.0,1
197.0,4.0,39.0,5.0,6.0,6033.0,2.0,4.0,2.0,3.0,1.0,2.0,3.0,33.0,3.0,2.0,2.0,3.0,2.0,2.0,2.0,1
189.0,4.0,13.0,2.0,0.0,2485.0,5.0,6.0,4.0,3.0,1.0,3.0,3.0,53.0,3.0,2.0,1.0,3.0,2.0,2.0,2.0,1
183.0,4.0,27.0,2.0,3.0,3550.0,3.0,5.0,3.0,3.0,1.0,2.0,3.0,33.0,3.0,2.0,1.0,3.0,2.0,2.0,2.0,1
206.0,2.0,38.0,2.0,6.0,2113.0,1.0,4.0,3.0,3.0,1.0,1.0,3.0,35.0,3.0,2.0,2.0,3.0,2.0,1.0,2.0,1
208.0,3.0,23.0,2.0,0.0,3019.0,2.0,3.0,1.0,2.0,1.0,1.0,3.0,28.0,3.0,2.0,1.0,3.0,2.0,2.0,2.0,1
219.0,4.0,25.0,2.0,3.0,1999.0,2.0,3.0,4.0,3.0,1.0,4.0,3.0,30.0,3.0,2.0,1.0,3.0,2.0,2.0,2.0,1
207.0,2.0,35.0,2.0,6.0,3521.0,5.0,3.0,2.0,4.0,1.0,2.0,3.0,29.0,3.0,2.0,1.0,3.0,2.0,1.0,2.0,1
207.0,2.0,43.0,2.0,0.0,8405.0,5.0,4.0,1.0,2.0,1.0,2.0,3.0,23.0,3.0,2.0,2.0,3.0,2.0,1.0,2.0,1
221.0,4.0,26.0,2.0,0.0,2278.0,6.0,2.0,4.0,3.0,1.0,1.0,2.0,57.0,3.0,2.0,1.0,3.0,2.0,1.0,2.0,1
207.0,4.0,13.0,2.0,3.0,1238.0,1.0,3.0,3.0,3.0,1.0,2.0,3.0,26.0,3.0,2.0,1.0,3.0,2.0,1.0,2.0,1
219.0,4.0,32.0,4.0,1.0,7410.0,1.0,4.0,3.0,3.0,1.0,2.0,3.0,36.0,3.0,2.0,2.0,3.0,2.0,2.0,2.0,1
206.0,4.0,7.0,4.0,0.0,7410.0,1.0,4.0,1.0,3.0,1.0,3.0,4.0,45.0,3.0,2.0,3.0,3.0,2.0,2.0,2.0,1
201.0,4.0,20.0,4.0,2.0,1852.0,1.0,3.0,4.0,2.0,1.0,2.0,4.0,30.0,3.0,2.0,2.0,3.0,2.0,1.0,2.0,1
208.0,5.0,12.0,2.0,3.0,2225.0,2.0,4.0,3.0,3.0,1.0,1.0,4.0,36.0,3.0,2.0,3.0,3.0,2.0,1.0,2.0,1
206.0,4.0,43.0,1.0,7.0,3771.0,1.0,3.0,1.0,2.0,1.0,1.0,1.0,30.0,3.0,2.0,1.0,3.0,2.0,1.0,2.0,1
222.0,4.0,31.0,2.0,3.0,2357.0,3.0,5.0,4.0,3.0,1.0,2.0,3.0,30.0,3.0,2.0,1.0,3.0,2.0,1.0,2.0,1
189.0,4.0,29.0,1.0,1.0,7916.0,5.0,2.0,3.0,3.0,1.0,5.0,1.0,42.0,3.0,2.0,2.0,3.0,2.0,2.0,2.0,1
215.0,3.0,19.0,1.0,3.0,1472.0,5.0,4.0,4.0,3.0,1.0,4.0,3.0,50.0,3.0,2.0,1.0,3.0,2.0,1.0,2.0,1
216.0,1.0,25.0,2.0,2.0,8000.0,5.0,2.0,1.0,2.0,1.0,2.0,2.0,34.0,3.0,2.0,1.0,3.0,2.0,2.0,2.0,1
229.0,1.0,22.0,2.0,0.0,3724.0,6.0,4.0,2.0,3.0,1.0,2.0,1.0,25.0,3.0,2.0,1.0,3.0,2.0,1.0,2.0,1
213.0,2.0,20.0,2.0,6.0,5052.0,1.0,5.0,1.0,3.0,1.0,1.0,1.0,34.0,3.0,2.0,1.0,3.0,2.0,2.0,2.0,1
207.0,1.0,13.0,2.0,3.0,1149.0,1.0,3.0,2.0,3.0,1.0,2.0,1.0,21.0,3.0,2.0,3.0,3.0,2.0,2.0,2.0,1
217.0,2.0,16.0,2.0,3.0,1535.0,6.0,2.0,4.0,3.0,1.0,1.0,2.0,24.0,3.0,2.0,1.0,3.0,2.0,1.0,2.0,1
222.0,2.0,45.0,1.0,0.0,8273.0,5.0,1.0,4.0,3.0,1.0,4.0,4.0,36.0,3.0,2.0,1.0,3.0,2.0,2.0,2.0,1
232.0,4.0,9.0,2.0,3.0,3005.0,2.0,5.0,3.0,3.0,1.0,4.0,3.0,36.0,3.0,2.0,1.0,3.0,2.0,2.0,2.0,1
208.0,3.0,4.0,2.0,0.0,1480.0,5.0,2.0,1.0,3.0,1.0,2.0,1.0,30.0,3.0,2.0,1.0,3.0,2.0,1.0,2.0,1
226.0,1.0,28.0,1.0,2.0,2828.0,3.0,3.0,4.0,3.0,1.0,4.0,1.0,22.0,3.0,2.0,1.0,3.0,2.0,2.0,2.0,1
227.0,1.0,26.0,1.0,2.0,2579.0,3.0,3.0,4.0,3.0,1.0,4.0,1.0,22.0,3.0,2.0,1.0,3.0,2.0,2.0,2.0,1
212.0,3.0,6.0,4.0,0.0,1375.0,1.0,3.0,1.0,3.0,1.0,1.0,1.0,67.0,3.0,2.0,3.0,3.0,2.0,1.0,2.0,1
212.0,2.0,9.0,2.0,0.0,1623.0,5.0,2.0,4.0,3.0,1.0,2.0,1.0,35.0,3.0,2.0,1.0,3.0,2.0,1.0,2.0,1
236.0,3.0,11.0,2.0,0.0,4047.0,1.0,2.0,1.0,3.0,1.0,1.0,2.0,40.0,3.0,2.0,1.0,3.0,2.0,1.0,2.0,1
224.0,4.0,11.0,2.0,1.0,2905.0,6.0,2.0,1.0,2.0,1.0,4.0,1.0,33.0,3.0,2.0,1.0,3.0,2.0,1.0,2.0,1
227.0,3.0,6.0,2.0,0.0,730.0,4.0,2.0,2.0,4.0,1.0,2.0,1.0,29.0,3.0,2.0,1.0,3.0,2.0,1.0,2.0,1
216.0,1.0,42.0,2.0,0.0,8521.0,1.0,2.0,1.0,2.0,1.0,1.0,1.0,38.0,3.0,2.0,1.0,3.0,2.0,2.0,2.0,1
246.0,4.0,11.0,2.0,0.0,1310.0,5.0,5.0,4.0,3.0,1.0,2.0,2.0,47.0,3.0,2.0,1.0,3.0,2.0,1.0,2.0,1
229.0,1.0,20.0,1.0,3.0,2012.0,1.0,2.0,3.0,3.0,1.0,4.0,4.0,40.0,3.0,2.0,1.0,3.0,2.0,2.0,2.0,1
229.0,3.0,33.0,4.0,3.0,3666.0,6.0,5.0,4.0,3.0,1.0,4.0,2.0,51.0,3.0,2.0,2.0,3.0,2.0,1.0,2.0,1
232.0,4.0,26.0,3.0,1.0,4794.0,1.0,5.0,3.0,3.0,1.0,3.0,3.0,36.0,3.0,2.0,2.0,3.0,2.0,2.0,2.0,1
242.0,4.0,27.0,3.0,1.0,8417.0,4.0,3.0,2.0,3.0,1.0,2.0,3.0,26.0,3.0,2.0,2.0,3.0,2.0,1.0,2.0,1
241.0,1.0,19.0,2.0,2.0,2789.0,4.0,3.0,4.0,3.0,1.0,2.0,3.0,28.0,3.0,2.0,1.0,3.0,2.0,1.0,2.0,1
246.0,4.0,24.0,4.0,3.0,1678.0,4.0,3.0,4.0,2.0,1.0,1.0,1.0,47.0,3.0,2.0,2.0,3.0,2.0,1.0,2.0,1
244.0,1.0,18.0,2.0,0.0,4468.0,2.0,3.0,3.0,3.0,1.0,4.0,3.0,38.0,3.0,2.0,1.0,3.0,2.0,2.0,2.0,1
249.0,4.0,15.0,3.0,0.0,813.0,1.0,3.0,4.0,3.0,1.0,2.0,3.0,26.0,3.0,2.0,2.0,3.0,2.0,1.0,2.0,1
239.0,4.0,21.0,2.0,7.0,1551.0,4.0,5.0,5.0,2.0,1.0,4.0,1.0,37.0,3.0,2.0,1.0,3.0,2.0,1.0,2.0,1
251.0,2.0,45.0,1.0,6.0,3894.0,2.0,4.0,4.0,3.0,1.0,2.0,3.0,31.0,3.0,2.0,1.0,3.0,2.0,1.0,2.0,1
227.0,4.0,24.0,2.0,3.0,1300.0,1.0,5.0,4.0,3.0,1.0,1.0,1.0,38.0,3.0,2.0,1.0,3.0,2.0,2.0,2.0,1
226.0,4.0,7.0,0.0,3.0,443.0,2.0,6.0,4.0,4.0,1.0,4.0,3.0,41.0,3.0,2.0,1.0,3.0,2.0,1.0,2.0,1
256.0,4.0,41.0,2.0,1.0,8290.0,2.0,5.0,4.0,3.0,1.0,2.0,3.0,48.0,3.0,2.0,1.0,3.0,2.0,2.0,2.0,1
249.0,1.0,31.0,2.0,1.0,3785.0,1.0,3.0,4.0,1.0,1.0,4.0,2.0,43.0,3.0,2.0,1.0,3.0,2.0,2.0,2.0,1
248.0,2.0,13.0,2.0,0.0,707.0,1.0,4.0,2.0,4.0,1.0,3.0,3.0,28.0,3.0,2.0,1.0,3.0,2.0,1.0,2.0,0
250.0,4.0,23.0,2.0,3.0,1519.0,1.0,5.0,4.0,2.0,1.0,4.0,3.0,58.0,3.0,2.0,1.0,3.0,2.0,1.0,2.0,1
252.0,4.0,22.0,2.0,2.0,2136.0,1.0,5.0,4.0,3.0,1.0,2.0,1.0,55.0,3.0,2.0,2.0,3.0,2.0,1.0,2.0,1
250.0,1.0,44.0,2.0,3.0,2678.0,1.0,5.0,5.0,3.0,1.0,4.0,1.0,61.0,3.0,2.0,1.0,3.0,2.0,1.0,2.0,1
249.0,4.0,4.0,2.0,2.0,618.0,1.0,2.0,1.0,2.0,1.0,3.0,1.0,25.0,3.0,2.0,1.0,3.0,2.0,1.0,2.0,1
252.0,4.0,38.0,2.0,1.0,2742.0,3.0,3.0,4.0,3.0,1.0,4.0,3.0,24.0,3.0,2.0,1.0,3.0,2.0,1.0,2.0,1
267.0,4.0,15.0,4.0,3.0,1431.0,3.0,3.0,2.0,4.0,1.0,2.0,2.0,50.0,3.0,2.0,2.0,3.0,2.0,1.0,2.0,1
241.0,4.0,49.0,4.0,0.0,7685.0,1.0,5.0,2.0,3.0,1.0,4.0,2.0,44.0,3.0,2.0,1.0,3.0,2.0,2.0,2.0,1
253.0,4.0,20.0,2.0,6.0,1684.0,2.0,3.0,3.0,2.0,1.0,4.0,2.0,26.0,3.0,2.0,1.0,3.0,2.0,1.0,2.0,1
236.0,4.0,19.0,4.0,3.0,661.0,3.0,3.0,4.0,3.0,1.0,3.0,2.0,33.0,3.0,2.0,2.0,3.0,2.0,2.0,2.0,1
250.0,4.0,7.0,1.0,3.0,1754.0,3.0,5.0,2.0,3.0,1.0,4.0,4.0,49.0,3.0,2.0,1.0,3.0,2.0,1.0,2.0,1
257.0,4.0,24.0,2.0,1.0,3812.0,2.0,4.0,3.0,2.0,1.0,4.0,3.0,25.0,3.0,2.0,1.0,3.0,2.0,1.0,2.0,1
269.0,5.0,20.0,4.0,3.0,1813.0,1.0,3.0,4.0,3.0,1.0,2.0,3.0,25.0,3.0,2.0,2.0,3.0,2.0,1.0,2.0,0
273.0,4.0,26.0,3.0,2.0,4424.0,2.0,3.0,2.0,3.0,1.0,3.0,2.0,35.0,3.0,2.0,2.0,3.0,2.0,1.0,2.0,1
255.0,2.0,15.0,2.0,5.0,2761.0,2.0,3.0,3.0,2.0,1.0,2.0,1.0,26.0,3.0,2.0,1.0,3.0,2.0,1.0,2.0,1
257.0,4.0,21.0,2.0,1.0,5513.0,5.0,3.0,1.0,3.0,1.0,3.0,3.0,29.0,3.0,2.0,1.0,3.0,2.0,1.0,2.0,1
281.0,2.0,18.0,3.0,0.0,2944.0,5.0,3.0,4.0,3.0,1.0,4.0,3.0,45.0,3.0,2.0,1.0,3.0,2.0,1.0,2.0,1
263.0,2.0,18.0,3.0,5.0,6426.0,1.0,3.0,2.0,3.0,1.0,4.0,1.0,47.0,3.0,2.0,1.0,3.0,2.0,2.0,2.0,1
269.0,4.0,13.0,2.0,3.0,850.0,1.0,5.0,4.0,3.0,1.0,4.0,3.0,37.0,3.0,2.0,1.0,3.0,2.0,1.0,2.0,1
254.0,4.0,40.0,2.0,3.0,4215.0,1.0,6.0,4.0,3.0,1.0,2.0,3.0,30.0,3.0,2.0,2.0,3.0,2.0,1.0,2.0,1
256.0,4.0,41.0,4.0,1.0,6037.0,6.0,5.0,4.0,3.0,1.0,2.0,3.0,39.0,3.0,2.0,2.0,3.0,2.0,2.0,2.0,1
266.0,3.0,16.0,2.0,7.0,2763.0,1.0,4.0,2.0,3.0,1.0,4.0,2.0,27.0,3.0,2.0,3.0,3.0,2.0,2.0,2.0,1
272.0,1.0,16.0,3.0,2.0,3987.0,1.0,5.0,1.0,2.0,1.0,4.0,2.0,29.0,3.0,2.0,2.0,3.0,2.0,1.0,2.0,1
252.0,4.0,10.0,4.0,2.0,2106.0,1.0,2.0,1.0,2.0,1.0,3.0,1.0,23.0,3.0,2.0,2.0,3.0,2.0,1.0,2.0,1
264.0,1.0,11.0,2.0,3.0,2410.0,1.0,5.0,3.0,3.0,1.0,4.0,1.0,53.0,3.0,2.0,1.0,3.0,2.0,1.0,2.0,1
250.0,4.0,5.0,2.0,5.0,3377.0,1.0,4.0,1.0,3.0,1.0,4.0,3.0,64.0,3.0,2.0,1.0,3.0,2.0,1.0,2.0,1
264.0,4.0,15.0,2.0,2.0,2862.0,1.0,2.0,2.0,3.0,1.0,3.0,2.0,30.0,3.0,2.0,2.0,3.0,2.0,1.0,2.0,1
272.0,4.0,11.0,4.0,0.0,1374.0,1.0,2.0,4.0,2.0,1.0,4.0,3.0,36.0,3.0,2.0,2.0,3.0,2.0,1.0,2.0,1
277.0,3.0,11.0,2.0,2.0,1264.0,1.0,2.0,4.0,2.0,1.0,2.0,2.0,24.0,3.0,2.0,1.0,3.0,2.0,1.0,2.0,1
278.0,4.0,10.0,2.0,2.0,1342.0,1.0,5.0,1.0,3.0,1.0,4.0,3.0,22.0,4.0,2.0,1.0,3.0,2.0,1.0,2.0,1
274.0,4.0,13.0,2.0,3.0,1543.0,1.0,2.0,4.0,2.0,1.0,3.0,3.0,37.0,3.0,2.0,1.0,3.0,2.0,1.0,2.0,1
276.0,4.0,23.0,2.0,3.0,2645.0,3.0,5.0,3.0,3.0,1.0,4.0,3.0,44.0,3.0,2.0,1.0,3.0,2.0,1.0,2.0,1
285.0,2.0,9.0,2.0,3.0,2127.0,1.0,3.0,2.0,3.0,1.0,2.0,1.0,37.0,3.0,2.0,1.0,3.0,2.0,1.0,2.0,1
284.0,4.0,39.0,2.0,0.0,908.0,3.0,5.0,4.0,3.0,1.0,4.0,2.0,40.0,3.0,2.0,1.0,3.0,2.0,1.0,2.0,1
270.0,4.0,12.0,4.0,2.0,1368.0,1.0,2.0,2.0,2.0,1.0,4.0,2.0,23.0,3.0,2.0,2.0,3.0,2.0,1.0,2.0,1
272.0,5.0,16.0,1.0,3.0,1766.0,2.0,5.0,4.0,3.0,1.0,4.0,3.0,37.0,3.0,2.0,1.0,3.0,2.0,1.0,2.0,1
297.0,4.0,6.0,2.0,1.0,1270.0,3.0,3.0,2.0,3.0,1.0,4.0,2.0,51.0,3.0,2.0,1.0,3.0,2.0,1.0,2.0,1
293.0,4.0,37.0,3.0,2.0,8737.0,5.0,4.0,2.0,2.0,1.0,3.0,3.0,42.0,3.0,2.0,2.0,3.0,2.0,2.0,2.0,1
294.0,4.0,6.0,2.0,5.0,610.0,3.0,4.0,2.0,4.0,1.0,4.0,1.0,25.0,3.0,2.0,1.0,3.0,2.0,1.0,2.0,1
279.0,4.0,25.0,2.0,2.0,3047.0,3.0,5.0,3.0,3.0,1.0,4.0,2.0,54.0,3.0,2.0,1.0,3.0,2.0,1.0,2.0,1
313.0,4.0,25.0,2.0,1.0,2949.0,1.0,5.0,4.0,3.0,1.0,4.0,3.0,37.0,3.0,2.0,1.0,3.0,2.0,2.0,2.0,1
303.0,4.0,12.0,1.0,6.0,3521.0,3.0,3.0,4.0,2.0,1.0,3.0,1.0,37.0,3.0,2.0,1.0,3.0,2.0,1.0,2.0,1
291.0,4.0,15.0,2.0,3.0,3813.0,1.0,5.0,4.0,2.0,1.0,2.0,3.0,57.0,3.0,2.0,1.0,3.0,2.0,2.0,2.0,1
282.0,2.0,22.0,4.0,6.0,3704.0,1.0,5.0,2.0,3.0,1.0,3.0,2.0,27.0,3.0,2.0,1.0,4.0,2.0,1.0,2.0,1
299.0,1.0,26.0,2.0,3.0,3721.0,1.0,3.0,2.0,2.0,1.0,5.0,3.0,29.0,3.0,2.0,1.0,3.0,2.0,1.0,2.0,1
285.0,3.0,9.0,2.0,3.0,1975.0,2.0,6.0,2.0,1.0,1.0,4.0,1.0,48.0,3.0,2.0,1.0,3.0,2.0,1.0,2.0,1
263.0,3.0,6.0,3.0,3.0,683.0,1.0,2.0,2.0,2.0,1.0,1.0,2.0,30.0,3.0,2.0,1.0,3.0,2.0,1.0,2.0,1
291.0,3.0,12.0,2.0,2.0,2277.0,1.0,3.0,1.0,2.0,1.0,2.0,3.0,51.0,3.0,2.0,1.0,3.0,2.0,1.0,2.0,1
300.0,4.0,13.0,2.0,3.0,5115.0,5.0,2.0,1.0,2.0,1.0,4.0,3.0,20.0,3.0,2.0,1.0,3.0,2.0,1.0,2.0,0
278.0,2.0,22.0,3.0,0.0,2469.0,1.0,3.0,1.0,1.0,1.0,4.0,2.0,52.0,3.0,2.0,2.0,3.0,2.0,1.0,2.0,1
294.0,1.0,22.0,2.0,3.0,3368.0,4.0,2.0,4.0,2.0,1.0,2.0,3.0,31.0,3.0,2.0,1.0,3.0,2.0,1.0,2.0,1
281.0,4.0,6.0,2.0,0.0,666.0,1.0,1.0,1.0,2.0,1.0,4.0,1.0,57.0,3.0,2.0,1.0,3.0,2.0,2.0,2.0,1
294.0,1.0,6.0,4.0,3.0,352.0,3.0,5.0,4.0,3.0,1.0,4.0,3.0,53.0,3.0,2.0,2.0,3.0,2.0,1.0,2.0,1
313.0,4.0,10.0,2.0,3.0,2845.0,1.0,3.0,1.0,3.0,1.0,3.0,1.0,32.0,3.0,2.0,1.0,3.0,2.0,1.0,2.0,1
287.0,4.0,10.0,2.0,0.0,2895.0,3.0,5.0,2.0,3.0,1.0,4.0,4.0,53.0,3.0,2.0,1.0,3.0,2.0,1.0,2.0,1
295.0,4.0,17.0,3.0,3.0,1648.0,1.0,4.0,5.0,4.0,1.0,3.0,1.0,36.0,3.0,2.0,2.0,3.0,2.0,1.0,2.0,1
313.0,4.0,12.0,4.0,6.0,3774.0,5.0,5.0,2.0,3.0,1.0,1.0,2.0,41.0,3.0,2.0,2.0,3.0,2.0,1.0,2.0,1
298.0,4.0,17.0,2.0,2.0,2327.0,3.0,3.0,2.0,2.0,1.0,4.0,3.0,20.0,3.0,2.0,1.0,3.0,2.0,1.0,2.0,1
325.0,4.0,6.0,4.0,4.0,1913.0,5.0,3.0,1.0,3.0,1.0,2.0,1.0,34.0,3.0,2.0,2.0,3.0,2.0,1.0,2.0,1
295.0,2.0,47.0,4.0,6.0,1567.0,2.0,5.0,1.0,1.0,1.0,2.0,3.0,33.0,3.0,2.0,2.0,3.0,2.0,1.0,2.0,1
303.0,4.0,16.0,2.0,2.0,970.0,4.0,4.0,3.0,2.0,1.0,2.0,2.0,33.0,3.0,2.0,2.0,3.0,2.0,1.0,2.0,1
290.0,4.0,38.0,2.0,1.0,7997.0,1.0,3.0,1.0,2.0,1.0,2.0,2.0,33.0,3.0,2.0,1.0,3.0,2.0,1.0,2.0,1
296.0,4.0,9.0,2.0,2.0,2466.0,2.0,2.0,2.0,2.0,1.0,4.0,2.0,24.0,3.0,2.0,1.0,3.0,2.0,1.0,2.0,1
320.0,4.0,6.0,3.0,6.0,1807.0,2.0,3.0,1.0,3.0,1.0,2.0,1.0,35.0,3.0,2.0,2.0,3.0,2.0,1.0,2.0,1
327.0,2.0,13.0,2.0,2.0,1023.0,4.0,2.0,1.0,2.0,1.0,4.0,1.0,19.0,3.0,2.0,1.0,3.0,2.0,1.0,2.0,1
295.0,4.0,18.0,3.0,3.0,2180.0,1.0,3.0,2.0,4.0,1.0,3.0,1.0,35.0,3.0,2.0,2.0,3.0,2.0,1.0,2.0,1
304.0,1.0,13.0,1.0,7.0,361.0,1.0,6.0,4.0,4.0,1.0,1.0,3.0,48.0,3.0,2.0,1.0,3.0,2.0,1.0,2.0,1
310.0,3.0,25.0,2.0,3.0,5747.0,1.0,4.0,4.0,3.0,1.0,2.0,3.0,29.0,3.0,2.0,1.0,3.0,2.0,1.0,2.0,1
310.0,3.0,25.0,2.0,2.0,3842.0,1.0,2.0,2.0,2.0,1.0,5.0,3.0,27.0,3.0,2.0,1.0,3.0,2.0,1.0,2.0,1
308.0,4.0,9.0,4.0,3.0,3176.0,5.0,3.0,1.0,3.0,1.0,2.0,1.0,39.0,3.0,2.0,2.0,3.0,2.0,1.0,2.0,1
310.0,3.0,9.0,2.0,3.0,807.0,1.0,3.0,3.0,2.0,1.0,2.0,1.0,28.0,3.0,2.0,1.0,3.0,2.0,1.0,2.0,0
325.0,4.0,26.0,2.0,0.0,1475.0,2.0,6.0,4.0,4.0,1.0,4.0,1.0,41.0,3.0,2.0,1.0,3.0,2.0,1.0,2.0,1
333.0,1.0,7.0,2.0,2.0,1415.0,1.0,3.0,1.0,3.0,1.0,2.0,1.0,39.0,3.0,2.0,1.0,3.0,2.0,2.0,2.0,1
318.0,5.0,6.0,1.0,0.0,915.0,6.0,3.0,1.0,3.0,1.0,2.0,1.0,28.0,3.0,2.0,1.0,3.0,2.0,1.0,2.0,0
315.0,1.0,23.0,2.0,3.0,2649.0,1.0,2.0,4.0,2.0,1.0,5.0,2.0,31.0,3.0,2.0,1.0,3.0,2.0,2.0,2.0,1
343.0,4.0,48.0,0.0,1.0,8454.0,5.0,3.0,2.0,3.0,1.0,2.0,2.0,41.0,3.0,2.0,1.0,3.0,2.0,1.0,2.0,1
341.0,4.0,12.0,4.0,3.0,968.0,6.0,5.0,4.0,3.0,1.0,4.0,1.0,66.0,3.0,2.0,4.0,3.0,2.0,1.0,2.0,1
343.0,4.0,43.0,4.0,1.0,3133.0,5.0,5.0,4.0,3.0,1.0,3.0,3.0,39.0,3.0,2.0,2.0,3.0,2.0,2.0,2.0,1
337.0,4.0,7.0,4.0,0.0,253.0,4.0,3.0,2.0,2.0,1.0,2.0,1.0,40.0,3.0,2.0,2.0,3.0,2.0,1.0,2.0,1
345.0,2.0,26.0,2.0,0.0,1373.0,1.0,2.0,4.0,3.0,1.0,1.0,2.0,30.0,3.0,2.0,1.0,3.0,2.0,1.0,2.0,1
339.0,1.0,6.0,2.0,0.0,744.0,1.0,2.0,3.0,3.0,1.0,3.0,1.0,42.0,3.0,2.0,1.0,3.0,2.0,2.0,2.0,1
324.0,4.0,15.0,2.0,1.0,1392.0,5.0,5.0,4.0,3.0,1.0,4.0,5.0,48.0,3.0,2.0,1.0,3.0,2.0,1.0,2.0,1
307.0,4.0,25.0,1.0,6.0,1589.0,1.0,4.0,4.0,3.0,1.0,4.0,3.0,43.0,3.0,2.0,1.0,3.0,2.0,2.0,2.0,1
337.0,3.0,13.0,2.0,3.0,3339.0,1.0,4.0,3.0,4.0,1.0,1.0,3.0,25.0,3.0,2.0,1.0,3.0,2.0,1.0,2.0,1
334.0,4.0,17.0,5.0,3.0,1496.0,1.0,3.0,4.0,3.0,1.0,2.0,2.0,34.0,3.0,2.0,2.0,3.0,2.0,1.0,2.0,1
309.0,4.0,6.0,0.0,0.0,1287.0,2.0,3.0,4.0,3.0,1.0,1.0,4.0,38.0,3.0,2.0,1.0,3.0,2.0,1.0,2.0,1
340.0,4.0,10.0,2.0,0.0,1738.0,3.0,3.0,3.0,3.0,1.0,2.0,4.0,45.0,3.0,2.0,1.0,3.0,2.0,1.0,2.0,1
342.0,4.0,11.0,2.0,3.0,2072.0,2.0,3.0,4.0,2.0,1.0,2.0,1.0,30.0,3.0,2.0,1.0,3.0,2.0,1.0,2.0,1
330.0,4.0,12.0,2.0,6.0,2261.0,4.0,6.0,1.0,1.0,1.0,2.0,1.0,29.0,3.0,2.0,1.0,3.0,2.0,2.0,2.0,1
347.0,1.0,10.0,4.0,2.0,2364.0,5.0,2.0,4.0,2.0,1.0,3.0,1.0,29.0,3.0,2.0,2.0,3.0,2.0,1.0,2.0,1
345.0,3.0,10.0,2.0,0.0,1579.0,1.0,3.0,3.0,3.0,1.0,4.0,1.0,33.0,3.0,2.0,1.0,3.0,2.0,1.0,2.0,1
346.0,4.0,25.0,4.0,0.0,1455.0,4.0,5.0,5.0,2.0,1.0,4.0,1.0,39.0,3.0,2.0,3.0,3.0,2.0,2.0,2.0,1
324.0,4.0,11.0,2.0,0.0,1475.0,2.0,3.0,3.0,3.0,1.0,2.0,1.0,38.0,3.0,2.0,1.0,3.0,2.0,1.0,2.0,1
372.0,2.0,6.0,4.0,0.0,1345.0,1.0,5.0,1.0,5.0,1.0,4.0,1.0,48.0,3.0,2.0,2.0,3.0,2.0,1.0,2.0,1
360.0,4.0,19.0,2.0,0.0,2965.0,5.0,4.0,4.0,3.0,1.0,3.0,2.0,32.0,3.0,2.0,1.0,3.0,2.0,1.0,2.0,1
329.0,4.0,18.0,4.0,3.0,6566.0,1.0,5.0,3.0,3.0,1.0,4.0,3.0,38.0,3.0,2.0,2.0,3.0,2.0,2.0,2.0,1
338.0,4.0,23.0,4.0,7.0,2072.0,5.0,3.0,3.0,2.0,1.0,2.0,3.0,35.0,3.0,2.0,2.0,3.0,2.0,2.0,2.0,1
346.0,5.0,19.0,4.0,3.0,2769.0,1.0,3.0,2.0,2.0,1.0,2.0,3.0,26.0,3.0,2.0,2.0,3.0,2.0,1.0,2.0,1
336.0,4.0,26.0,4.0,3.0,1661.0,1.0,4.0,1.0,2.0,1.0,2.0,3.0,27.0,3.0,2.0,2.0,3.0,2.0,2.0,2.0,1
354.0,4.0,24.0,2.0,0.0,1374.0,5.0,4.0,4.0,2.0,1.0,4.0,2.0,25.0,3.0,2.0,1.0,3.0,2.0,1.0,2.0,1
332.0,4.0,24.0,3.0,0.0,764.0,5.0,6.0,4.0,4.0,1.0,4.0,3.0,54.0,3.0,2.0,2.0,3.0,2.0,2.0,2.0,1
331.0,1.0,25.0,2.0,2.0,1890.0,1.0,2.0,4.0,3.0,1.0,1.0,2.0,27.0,3.0,2.0,1.0,3.0,2.0,1.0,2.0,1
344.0,1.0,9.0,5.0,6.0,1271.0,2.0,5.0,3.0,3.0,1.0,4.0,1.0,51.0,3.0,2.0,2.0,3.0,2.0,1.0,2.0,1
364.0,1.0,10.0,4.0,0.0,1064.0,1.0,4.0,4.0,3.0,1.0,3.0,2.0,55.0,3.0,2.0,2.0,3.0,2.0,2.0,2.0,1
357.0,4.0,11.0,2.0,1.0,3014.0,2.0,3.0,1.0,3.0,1.0,2.0,1.0,31.0,3.0,2.0,1.0,3.0,2.0,1.0,2.0,1
396.0,4.0,13.0,2.0,1.0,1531.0,4.0,4.0,3.0,3.0,1.0,2.0,2.0,57.0,3.0,2.0,1.0,3.0,2.0,1.0,2.0,1
321.0,5.0,32.0,4.0,3.0,3132.0,5.0,5.0,3.0,3.0,1.0,4.0,3.0,43.0,3.0,2.0,2.0,3.0,2.0,2.0,2.0,1
370.0,1.0,25.0,1.0,1.0,3765.0,1.0,3.0,1.0,2.0,1.0,4.0,3.0,23.0,3.0,2.0,1.0,3.0,2.0,1.0,2.0,1
361.0,4.0,18.0,4.0,1.0,3359.0,5.0,1.0,2.0,3.0,1.0,4.0,4.0,41.0,3.0,2.0,1.0,3.0,2.0,2.0,2.0,1
344.0,4.0,9.0,2.0,0.0,3534.0,2.0,3.0,1.0,3.0,1.0,2.0,1.0,28.0,3.0,2.0,1.0,3.0,2.0,1.0,2.0,1
360.0,5.0,13.0,4.0,0.0,690.0,2.0,4.0,4.0,2.0,1.0,3.0,3.0,50.0,3.0,2.0,2.0,3.0,2.0,2.0,2.0,1
362.0,4.0,11.0,2.0,3.0,1967.0,2.0,5.0,1.0,3.0,1.0,4.0,2.0,40.0,3.0,2.0,1.0,3.0,2.0,2.0,2.0,1
369.0,4.0,10.0,2.0,7.0,768.0,3.0,5.0,4.0,3.0,1.0,4.0,4.0,48.0,3.0,2.0,1.0,3.0,2.0,2.0,2.0,1
385.0,3.0,10.0,4.0,0.0,799.0,1.0,5.0,4.0,3.0,1.0,4.0,4.0,67.0,3.0,2.0,2.0,3.0,2.0,2.0,2.0,1
384.0,1.0,12.0,4.0,0.0,2250.0,1.0,3.0,4.0,3.0,1.0,2.0,2.0,32.0,3.0,2.0,2.0,4.0,2.0,1.0,2.0,1
357.0,4.0,12.0,4.0,3.0,727.0,1.0,3.0,4.0,3.0,1.0,2.0,3.0,32.0,3.0,2.0,2.0,3.0,2.0,1.0,2.0,1
358.0,4.0,11.0,4.0,2.0,2188.0,5.0,3.0,2.0,4.0,1.0,1.0,3.0,27.0,3.0,2.0,2.0,3.0,2.0,1.0,2.0,1
406.0,4.0,24.0,2.0,0.0,1644.0,4.0,4.0,4.0,2.0,1.0,3.0,3.0,38.0,3.0,2.0,1.0,3.0,2.0,2.0,2.0,1
372.0,4.0,44.0,4.0,6.0,7587.0,5.0,5.0,4.0,1.0,1.0,2.0,3.0,50.0,3.0,2.0,2.0,3.0,2.0,1.0,2.0,1
377.0,1.0,13.0,4.0,0.0,3865.0,1.0,3.0,3.0,2.0,1.0,2.0,1.0,29.0,3.0,2.0,2.0,3.0,2.0,1.0,2.0,0
361.0,4.0,6.0,2.0,3.0,1389.0,2.0,3.0,2.0,3.0,1.0,5.0,4.0,40.0,3.0,2.0,1.0,3.0,2.0,2.0,2.0,1
362.0,4.0,35.0,4.0,1.0,8212.0,5.0,5.0,2.0,3.0,1.0,4.0,4.0,45.0,3.0,2.0,2.0,3.0,2.0,1.0,2.0,1
388.0,1.0,26.0,2.0,1.0,3128.0,1.0,3.0,3.0,3.0,1.0,5.0,4.0,65.0,3.0,2.0,1.0,3.0,2.0,2.0,2.0,1
379.0,4.0,11.0,4.0,0.0,1379.0,1.0,5.0,3.0,3.0,1.0,4.0,1.0,37.0,3.0,2.0,2.0,3.0,2.0,1.0,2.0,1
364.0,3.0,19.0,2.0,0.0,2096.0,1.0,6.0,3.0,2.0,1.0,2.0,3.0,24.0,3.0,2.0,1.0,3.0,2.0,1.0,2.0,1
372.0,4.0,15.0,5.0,0.0,5100.0,5.0,5.0,1.0,2.0,1.0,4.0,3.0,63.0,3.0,2.0,1.0,3.0,2.0,2.0,2.0,1
385.0,4.0,13.0,5.0,0.0,1279.0,1.0,5.0,4.0,3.0,1.0,4.0,1.0,63.0,3.0,2.0,2.0,3.0,2.0,1.0,2.0,1
393.0,1.0,12.0,3.0,2.0,1751.0,1.0,2.0,4.0,2.0,1.0,1.0,3.0,22.0,3.0,2.0,1.0,3.0,2.0,1.0,2.0,1
359.0,4.0,6.0,4.0,2.0,1257.0,5.0,3.0,1.0,4.0,1.0,2.0,2.0,26.0,3.0,2.0,2.0,4.0,2.0,1.0,2.0,1
390.0,4.0,10.0,2.0,2.0,1401.0,1.0,3.0,4.0,2.0,1.0,2.0,1.0,27.0,3.0,2.0,1.0,3.0,2.0,1.0,2.0,1
395.0,4.0,12.0,2.0,3.0,2467.0,5.0,3.0,4.0,3.0,1.0,4.0,4.0,40.0,3.0,2.0,1.0,3.0,2.0,2.0,2.0,1
354.0,4.0,12.0,0.0,2.0,3399.0,1.0,5.0,2.0,3.0,1.0,4.0,2.0,37.0,3.0,2.0,2.0,3.0,2.0,1.0,2.0,1
406.0,3.0,25.0,2.0,3.0,1334.0,3.0,3.0,3.0,2.0,1.0,3.0,3.0,57.0,3.0,2.0,1.0,3.0,2.0,1.0,2.0,1
373.0,2.0,13.0,0.0,6.0,1527.0,1.0,3.0,2.0,3.0,1.0,2.0,1.0,32.0,3.0,2.0,1.0,3.0,2.0,2.0,2.0,1
373.0,1.0,16.0,2.0,0.0,1584.0,1.0,3.0,2.0,2.0,1.0,4.0,3.0,29.0,3.0,2.0,1.0,3.0,2.0,1.0,2.0,1
368.0,1.0,28.0,2.0,4.0,3378.0,1.0,3.0,2.0,1.0,1.0,2.0,1.0,25.0,3.0,2.0,1.0,3.0,2.0,1.0,2.0,1
390.0,1.0,25.0,2.0,6.0,6762.0,1.0,3.0,2.0,4.0,1.0,2.0,3.0,22.0,3.0,2.0,1.0,3.0,2.0,1.0,2.0,1
402.0,4.0,25.0,4.0,3.0,2866.0,4.0,5.0,2.0,3.0,1.0,2.0,3.0,36.0,3.0,2.0,1.0,3.0,2.0,1.0,2.0,1
426.0,2.0,25.0,4.0,1.0,7849.0,4.0,5.0,2.0,2.0,1.0,4.0,4.0,28.0,3.0,2.0,1.0,3.0,2.0,1.0,2.0,1
384.0,3.0,6.0,2.0,4.0,379.0,1.0,2.0,4.0,2.0,1.0,1.0,1.0,26.0,3.0,2.0,1.0,3.0,2.0,1.0,2.0,1
372.0,4.0,22.0,3.0,2.0,1831.0,2.0,4.0,4.0,3.0,1.0,3.0,1.0,37.0,3.0,2.0,2.0,3.0,2.0,1.0,2.0,1
374.0,1.0,24.0,2.0,3.0,3620.0,1.0,3.0,3.0,3.0,1.0,2.0,3.0,28.0,3.0,2.0,1.0,3.0,2.0,1.0,2.0,1
367.0,1.0,13.0,0.0,5.0,1130.0,1.0,4.0,5.0,3.0,1.0,3.0,1.0,31.0,3.0,2.0,2.0,3.0,2.0,1.0,2.0,0
371.0,2.0,30.0,3.0,1.0,6130.0,1.0,5.0,1.0,3.0,1.0,2.0,3.0,32.0,3.0,2.0,2.0,3.0,2.0,2.0,2.0,1
451.0,2.0,16.0,2.0,5.0,1644.0,2.0,3.0,4.0,3.0,1.0,2.0,1.0,23.0,3.0,2.0,1.0,3.0,2.0,1.0,2.0,1
396.0,4.0,32.0,4.0,3.0,7232.0,5.0,4.0,2.0,3.0,1.0,3.0,2.0,36.0,3.0,2.0,2.0,3.0,2.0,1.0,2.0,1
364.0,1.0,20.0,2.0,2.0,3651.0,1.0,2.0,1.0,2.0,1.0,4.0,3.0,22.0,3.0,2.0,1.0,3.0,2.0,1.0,2.0,1
379.0,4.0,23.0,2.0,2.0,3773.0,1.0,4.0,1.0,2.0,1.0,4.0,3.0,28.0,3.0,2.0,1.0,3.0,2.0,1.0,2.0,1
423.0,4.0,44.0,4.0,0.0,7612.0,5.0,5.0,2.0,3.0,1.0,4.0,4.0,69.0,3.0,2.0,1.0,3.0,2.0,2.0,2.0,1
432.0,2.0,9.0,2.0,0.0,269.0,1.0,3.0,4.0,4.0,1.0,4.0,1.0,24.0,3.0,2.0,1.0,3.0,2.0,1.0,2.0,1
395.0,4.0,45.0,4.0,2.0,4373.0,3.0,3.0,4.0,3.0,1.0,4.0,1.0,39.0,3.0,2.0,2.0,3.0,2.0,2.0,2.0,1
380.0,2.0,10.0,2.0,3.0,461.0,1.0,3.0,4.0,3.0,1.0,3.0,1.0,21.0,3.0,2.0,1.0,3.0,2.0,1.0,2.0,1
414.0,2.0,9.0,2.0,2.0,1046.0,1.0,3.0,5.0,2.0,1.0,1.0,2.0,34.0,3.0,2.0,1.0,3.0,2.0,1.0,2.0,0
424.0,4.0,44.0,2.0,0.0,7274.0,1.0,3.0,1.0,3.0,1.0,4.0,2.0,48.0,3.0,2.0,1.0,3.0,2.0,1.0,2.0,1
396.0,3.0,11.0,2.0,4.0,1364.0,1.0,3.0,2.0,3.0,1.0,2.0,3.0,38.0,3.0,2.0,1.0,3.0,2.0,2.0,2.0,1
409.0,1.0,24.0,2.0,1.0,2760.0,6.0,5.0,2.0,2.0,1.0,4.0,1.0,27.0,3.0,2.0,1.0,3.0,2.0,1.0,2.0,1
415.0,5.0,15.0,2.0,1.0,3217.0,1.0,4.0,2.0,3.0,1.0,2.0,3.0,36.0,3.0,2.0,1.0,3.0,2.0,1.0,2.0,1
394.0,3.0,13.0,4.0,0.0,1451.0,3.0,1.0,2.0,3.0,1.0,4.0,5.0,61.0,3.0,2.0,3.0,3.0,2.0,1.0,2.0,1
409.0,3.0,6.0,4.0,6.0,1138.0,1.0,4.0,2.0,2.0,1.0,4.0,2.0,51.0,3.0,2.0,1.0,3.0,2.0,2.0,2.0,1
426.0,4.0,16.0,4.0,3.0,1533.0,1.0,3.0,4.0,3.0,1.0,4.0,4.0,38.0,3.0,2.0,2.0,3.0,2.0,2.0,2.0,1
425.0,4.0,24.0,2.0,2.0,5910.0,2.0,3.0,4.0,3.0,1.0,1.0,3.0,25.0,3.0,2.0,1.0,3.0,2.0,1.0,2.0,1
411.0,2.0,10.0,2.0,3.0,1277.0,1.0,5.0,4.0,2.0,1.0,4.0,2.0,25.0,3.0,2.0,1.0,3.0,2.0,1.0,2.0,1
451.0,2.0,25.0,3.0,3.0,6870.0,1.0,2.0,1.0,3.0,1.0,2.0,3.0,34.0,3.0,2.0,1.0,3.0,2.0,1.0,2.0,1
418.0,4.0,12.0,2.0,3.0,734.0,1.0,3.0,4.0,3.0,1.0,2.0,1.0,33.0,3.0,2.0,2.0,3.0,2.0,1.0,2.0,1
414.0,5.0,13.0,3.0,1.0,1641.0,1.0,3.0,4.0,4.0,1.0,4.0,1.0,39.0,3.0,2.0,1.0,3.0,2.0,1.0,2.0,1
416.0,2.0,12.0,2.0,0.0,6837.0,1.0,4.0,2.0,3.0,1.0,2.0,3.0,36.0,3.0,2.0,1.0,3.0,2.0,1.0,2.0,1
434.0,2.0,29.0,2.0,6.0,2637.0,1.0,2.0,4.0,2.0,1.0,1.0,2.0,34.0,3.0,2.0,1.0,3.0,2.0,2.0,2.0,1
437.0,2.0,14.0,2.0,7.0,1046.0,2.0,4.0,3.0,3.0,1.0,4.0,1.0,43.0,3.0,2.0,1.0,3.0,2.0,1.0,2.0,1
445.0,1.0,6.0,2.0,1.0,1463.0,3.0,1.0,1.0,2.0,1.0,2.0,2.0,25.0,3.0,2.0,1.0,3.0,2.0,2.0,2.0,1
412.0,4.0,26.0,2.0,3.0,3281.0,1.0,2.0,4.0,2.0,1.0,5.0,2.0,27.0,3.0,2.0,1.0,3.0,2.0,2.0,2.0,1
431.0,4.0,17.0,2.0,3.0,4624.0,1.0,2.0,3.0,3.0,1.0,2.0,3.0,35.0,3.0,2.0,1.0,3.0,2.0,2.0,2.0,1
434.0,2.0,41.0,2.0,6.0,5750.0,5.0,1.0,3.0,3.0,1.0,4.0,4.0,43.0,3.0,2.0,1.0,3.0,2.0,2.0,2.0,1
429.0,4.0,16.0,2.0,1.0,4776.0,1.0,3.0,3.0,3.0,1.0,2.0,3.0,33.0,3.0,2.0,1.0,3.0,2.0,2.0,2.0,1
416.0,2.0,9.0,2.0,6.0,1475.0,1.0,3.0,2.0,4.0,1.0,1.0,1.0,30.0,3.0,2.0,1.0,3.0,2.0,2.0,2.0,1
414.0,2.0,20.0,2.0,7.0,1932.0,4.0,2.0,3.0,4.0,1.0,3.0,1.0,36.0,3.0,2.0,1.0,3.0,2.0,2.0,2.0,1
408.0,4.0,44.0,2.0,3.0,7111.0,5.0,4.0,2.0,4.0,1.0,5.0,2.0,31.0,3.0,2.0,1.0,3.0,2.0,2.0,2.0,1
408.0,4.0,14.0,2.0,3.0,1439.0,2.0,1.0,2.0,2.0,1.0,4.0,1.0,63.0,3.0,2.0,1.0,3.0,2.0,1.0,2.0,1
438.0,4.0,26.0,3.0,6.0,2936.0,5.0,3.0,5.0,3.0,1.0,4.0,1.0,35.0,3.0,2.0,2.0,3.0,2.0,2.0,2.0,1
405.0,4.0,13.0,5.0,3.0,997.0,5.0,5.0,4.0,3.0,1.0,4.0,3.0,40.0,3.0,2.0,2.0,3.0,2.0,1.0,2.0,1
446.0,4.0,25.0,3.0,7.0,2442.0,3.0,3.0,4.0,3.0,1.0,2.0,3.0,47.0,3.0,2.0,2.0,3.0,2.0,2.0,2.0,1
439.0,4.0,13.0,4.0,3.0,579.0,3.0,5.0,4.0,3.0,1.0,4.0,2.0,44.0,3.0,2.0,1.0,3.0,2.0,2.0,2.0,1
458.0,4.0,29.0,4.0,3.0,2754.0,1.0,6.0,4.0,3.0,1.0,2.0,3.0,32.0,3.0,2.0,2.0,3.0,2.0,1.0,2.0,1
449.0,4.0,11.0,4.0,3.0,1211.0,2.0,1.0,4.0,2.0,1.0,4.0,1.0,60.0,3.0,2.0,3.0,3.0,2.0,2.0,2.0,1
440.0,4.0,24.0,4.0,1.0,5969.0,4.0,3.0,4.0,3.0,1.0,2.0,1.0,30.0,3.0,2.0,2.0,3.0,2.0,1.0,2.0,1
410.0,4.0,18.0,4.0,3.0,1259.0,5.0,3.0,4.0,3.0,1.0,3.0,2.0,30.0,3.0,2.0,2.0,3.0,2.0,2.0,2.0,1
440.0,1.0,20.0,4.0,2.0,1575.0,1.0,5.0,4.0,3.0,1.0,4.0,3.0,52.0,3.0,2.0,2.0,3.0,2.0,2.0,2.0,1
448.0,5.0,13.0,2.0,3.0,858.0,1.0,3.0,4.0,4.0,1.0,2.0,1.0,28.0,3.0,2.0,1.0,3.0,2.0,1.0,2.0,1
417.0,2.0,11.0,4.0,0.0,1413.0,4.0,3.0,4.0,2.0,1.0,4.0,3.0,41.0,3.0,2.0,2.0,3.0,2.0,1.0,2.0,1
456.0,2.0,18.0,4.0,0.0,1259.0,1.0,1.0,2.0,3.0,1.0,4.0,3.0,66.0,3.0,2.0,3.0,3.0,2.0,2.0,2.0,1
423.0,4.0,12.0,2.0,0.0,2095.0,5.0,5.0,4.0,2.0,1.0,4.0,4.0,51.0,3.0,2.0,3.0,3.0,2.0,2.0,2.0,1
435.0,4.0,16.0,2.0,3.0,1978.0,1.0,5.0,4.0,3.0,1.0,4.0,3.0,61.0,3.0,2.0,2.0,3.0,2.0,2.0,2.0,1
434.0,4.0,12.0,4.0,3.0,8422.0,1.0,5.0,4.0,3.0,1.0,4.0,1.0,53.0,3.0,2.0,3.0,3.0,2.0,1.0,2.0,1
455.0,2.0,41.0,3.0,7.0,8310.0,2.0,4.0,3.0,3.0,1.0,3.0,4.0,36.0,3.0,2.0,1.0,3.0,2.0,2.0,2.0,1
433.0,2.0,10.0,4.0,6.0,1601.0,1.0,5.0,2.0,2.0,1.0,3.0,3.0,35.0,3.0,2.0,2.0,3.0,2.0,2.0,2.0,0
484.0,1.0,12.0,2.0,6.0,1268.0,5.0,3.0,4.0,2.0,1.0,4.0,2.0,24.0,3.0,2.0,1.0,3.0,2.0,2.0,2.0,1
448.0,2.0,10.0,2.0,0.0,3251.0,5.0,3.0,1.0,2.0,1.0,2.0,1.0,35.0,3.0,2.0,1.0,3.0,2.0,1.0,2.0,1
444.0,4.0,29.0,4.0,3.0,4856.0,1.0,4.0,4.0,2.0,1.0,4.0,3.0,30.0,3.0,2.0,1.0,3.0,2.0,2.0,2.0,1
474.0,4.0,13.0,3.0,6.0,1488.0,4.0,5.0,4.0,3.0,1.0,4.0,4.0,61.0,3.0,2.0,2.0,3.0,2.0,1.0,2.0,0
494.0,2.0,16.0,5.0,7.0,2570.0,3.0,3.0,2.0,3.0,1.0,4.0,3.0,29.0,3.0,2.0,1.0,3.0,2.0,1.0,2.0,1
426.0,2.0,19.0,4.0,6.0,2034.0,5.0,3.0,4.0,4.0,1.0,4.0,1.0,30.0,3.0,2.0,2.0,3.0,2.0,1.0,2.0,1
441.0,4.0,12.0,4.0,6.0,1181.0,5.0,5.0,4.0,3.0,1.0,4.0,4.0,64.0,3.0,2.0,1.0,3.0,2.0,1.0,2.0,1
467.0,4.0,7.0,3.0,3.0,896.0,5.0,5.0,3.0,3.0,1.0,4.0,4.0,41.0,3.0,2.0,1.0,3.0,2.0,1.0,2.0,1
462.0,5.0,16.0,4.0,6.0,1652.0,2.0,3.0,4.0,2.0,1.0,3.0,3.0,34.0,3.0,2.0,1.0,3.0,2.0,1.0,2.0,1
464.0,4.0,6.0,3.0,6.0,963.0,1.0,3.0,3.0,2.0,1.0,2.0,1.0,25.0,3.0,2.0,1.0,3.0,2.0,1.0,2.0,1
482.0,1.0,27.0,4.0,6.0,2359.0,1.0,5.0,4.0,3.0,1.0,4.0,3.0,45.0,3.0,2.0,3.0,3.0,2.0,2.0,2.0,1
465.0,2.0,20.0,4.0,6.0,3834.0,1.0,1.0,3.0,4.0,1.0,3.0,3.0,40.0,3.0,2.0,3.0,3.0,2.0,2.0,2.0,1
440.0,4.0,22.0,4.0,2.0,2491.0,1.0,2.0,4.0,4.0,1.0,4.0,2.0,23.0,3.0,2.0,1.0,3.0,2.0,2.0,2.0,1
475.0,4.0,28.0,3.0,6.0,5567.0,1.0,4.0,3.0,3.0,1.0,4.0,3.0,27.0,3.0,2.0,2.0,3.0,2.0,1.0,2.0,1
488.0,1.0,40.0,4.0,7.0,8611.0,5.0,4.0,4.0,3.0,1.0,4.0,2.0,29.0,3.0,2.0,2.0,3.0,2.0,2.0,2.0,1
445.0,4.0,16.0,2.0,3.0,1416.0,5.0,3.0,4.0,4.0,1.0,2.0,3.0,40.0,3.0,2.0,1.0,3.0,2.0,2.0,2.0,1
484.0,4.0,14.0,4.0,3.0,648.0,1.0,5.0,4.0,3.0,1.0,4.0,1.0,55.0,3.0,2.0,1.0,3.0,2.0,1.0,2.0,1
452.0,4.0,13.0,2.0,2.0,1514.0,1.0,3.0,4.0,3.0,1.0,3.0,1.0,49.0,3.0,2.0,1.0,3.0,2.0,1.0,2.0,1
450.0,4.0,6.0,4.0,3.0,714.0,5.0,5.0,4.0,3.0,1.0,4.0,4.0,40.0,3.0,2.0,2.0,3.0,2.0,1.0,2.0,1
511.0,4.0,12.0,2.0,3.0,978.0,5.0,3.0,4.0,2.0,1.0,2.0,3.0,20.0,3.0,2.0,1.0,3.0,2.0,1.0,2.0,1
415.0,4.0,39.0,2.0,1.0,4633.0,1.0,3.0,2.0,3.0,1.0,2.0,4.0,34.0,3.0,2.0,1.0,3.0,2.0,2.0,2.0,1
476.0,2.0,10.0,2.0,3.0,811.0,3.0,3.0,4.0,2.0,1.0,3.0,1.0,71.0,3.0,2.0,1.0,3.0,2.0,1.0,2.0,1
464.0,2.0,13.0,2.0,3.0,776.0,3.0,3.0,4.0,3.0,1.0,3.0,1.0,67.0,3.0,2.0,1.0,3.0,2.0,1.0,2.0,0
443.0,1.0,20.0,2.0,2.0,2258.0,5.0,4.0,4.0,3.0,1.0,4.0,3.0,39.0,3.0,2.0,1.0,3.0,2.0,2.0,2.0,1
460.0,2.0,10.0,2.0,0.0,7082.0,1.0,1.0,2.0,3.0,1.0,4.0,4.0,72.0,3.0,2.0,1.0,3.0,2.0,2.0,2.0,1
484.0,2.0,25.0,4.0,6.0,6110.0,1.0,2.0,2.0,2.0,1.0,4.0,4.0,25.0,3.0,2.0,2.0,3.0,2.0,2.0,2.0,1
429.0,1.0,15.0,2.0,0.0,4092.0,1.0,1.0,1.0,3.0,1.0,4.0,4.0,24.0,3.0,2.0,1.0,3.0,2.0,1.0,2.0,1
422.0,2.0,42.0,3.0,3.0,7517.0,5.0,3.0,1.0,3.0,1.0,1.0,1.0,29.0,3.0,2.0,1.0,3.0,2.0,1.0,2.0,1
472.0,2.0,21.0,3.0,6.0,2626.0,1.0,3.0,2.0,3.0,1.0,3.0,3.0,30.0,3.0,2.0,2.0,3.0,2.0,2.0,2.0,1
508.0,2.0,19.0,2.0,6.0,2076.0,4.0,3.0,4.0,3.0,1.0,2.0,2.0,38.0,3.0,2.0,1.0,3.0,2.0,2.0,2.0,1
456.0,2.0,25.0,3.0,2.0,2501.0,5.0,2.0,4.0,3.0,1.0,2.0,2.0,31.0,3.0,2.0,1.0,3.0,2.0,1.0,2.0,1
479.0,4.0,12.0,2.0,1.0,2587.0,5.0,2.0,2.0,4.0,1.0,4.0,3.0,27.0,3.0,2.0,1.0,3.0,2.0,2.0,2.0,1
466.0,2.0,21.0,2.0,1.0,6818.0,5.0,1.0,1.0,1.0,1.0,4.0,1.0,60.0,3.0,2.0,1.0,3.0,2.0,2.0,2.0,1
484.0,2.0,19.0,4.0,2.0,7427.0,1.0,1.0,4.0,3.0,1.0,4.0,2.0,43.0,3.0,2.0,2.0,3.0,2.0,2.0,2.0,1
493.0,4.0,17.0,2.0,1.0,4255.0,2.0,2.0,1.0,2.0,1.0,4.0,3.0,67.0,3.0,2.0,1.0,3.0,2.0,2.0,2.0,1
502.0,1.0,30.0,2.0,0.0,3716.0,1.0,3.0,3.0,3.0,1.0,2.0,3.0,47.0,3.0,2.0,1.0,3.0,2.0,1.0,2.0,0
478.0,2.0,13.0,2.0,0.0,7792.0,5.0,1.0,1.0,2.0,1.0,2.0,1.0,27.0,3.0,2.0,1.0,3.0,2.0,1.0,2.0,1
475.0,3.0,13.0,2.0,2.0,1532.0,5.0,5.0,3.0,2.0,1.0,4.0,1.0,59.0,3.0,2.0,1.0,3.0,2.0,2.0,2.0,1
465.0,2.0,12.0,2.0,1.0,2145.0,5.0,3.0,4.0,3.0,1.0,2.0,3.0,30.0,3.0,2.0,1.0,3.0,2.0,1.0,2.0,1
485.0,4.0,16.0,2.0,0.0,5878.0,3.0,5.0,1.0,2.0,1.0,4.0,4.0,40.0,3.0,2.0,1.0,3.0,2.0,1.0,2.0,1
486.0,4.0,34.0,2.0,3.0,2396.0,1.0,4.0,4.0,3.0,1.0,4.0,3.0,24.0,3.0,2.0,1.0,3.0,2.0,1.0,2.0,1
443.0,4.0,12.0,2.0,7.0,1577.0,1.0,6.0,4.0,3.0,1.0,4.0,2.0,53.0,3.0,2.0,3.0,3.0,2.0,2.0,2.0,1
475.0,4.0,18.0,2.0,2.0,2132.0,1.0,3.0,4.0,3.0,1.0,4.0,4.0,49.0,3.0,2.0,2.0,3.0,2.0,1.0,2.0,1
519.0,5.0,25.0,2.0,4.0,1119.0,5.0,5.0,4.0,3.0,1.0,2.0,3.0,28.0,3.0,2.0,2.0,4.0,2.0,1.0,2.0,1
467.0,4.0,44.0,2.0,3.0,7125.0,5.0,5.0,3.0,3.0,1.0,3.0,2.0,41.0,3.0,2.0,2.0,3.0,2.0,1.0,2.0,1
444.0,4.0,16.0,2.0,2.0,2125.0,5.0,4.0,1.0,2.0,1.0,5.0,1.0,35.0,3.0,2.0,1.0,3.0,2.0,1.0,2.0,1
470.0,3.0,37.0,2.0,3.0,4704.0,1.0,5.0,4.0,3.0,1.0,2.0,3.0,31.0,3.0,2.0,1.0,3.0,2.0,1.0,2.0,1
494.0,4.0,23.0,2.0,6.0,1056.0,1.0,2.0,4.0,4.0,1.0,3.0,3.0,29.0,3.0,2.0,2.0,3.0,2.0,1.0,2.0,1
493.0,4.0,17.0,2.0,2.0,3529.0,1.0,6.0,3.0,3.0,1.0,4.0,2.0,72.0,3.0,2.0,3.0,3.0,2.0,2.0,2.0,1
510.0,4.0,27.0,2.0,3.0,3144.0,5.0,2.0,4.0,3.0,1.0,2.0,3.0,26.0,3.0,2.0,2.0,3.0,2.0,1.0,2.0,1
518.0,4.0,13.0,4.0,6.0,3098.0,1.0,5.0,2.0,2.0,1.0,3.0,4.0,61.0,3.0,2.0,3.0,3.0,2.0,1.0,2.0,1
496.0,2.0,20.0,2.0,5.0,3981.0,1.0,1.0,2.0,2.0,1.0,4.0,3.0,67.0,4.0,2.0,1.0,3.0,2.0,2.0,2.0,1
520.0,4.0,29.0,2.0,5.0,5593.0,5.0,3.0,4.0,3.0,1.0,5.0,2.0,34.0,3.0,2.0,3.0,3.0,2.0,2.0,2.0,1
501.0,2.0,19.0,2.0,2.0,3252.0,1.0,4.0,2.0,2.0,1.0,4.0,1.0,42.0,3.0,2.0,1.0,3.0,2.0,1.0,2.0,1
521.0,4.0,25.0,3.0,7.0,3801.0,1.0,3.0,1.0,3.0,1.0,2.0,4.0,32.0,3.0,2.0,1.0,3.0,2.0,1.0,2.0,1
521.0,4.0,12.0,4.0,2.0,6140.0,6.0,5.0,2.0,3.0,1.0,4.0,2.0,54.0,3.0,2.0,1.0,3.0,2.0,2.0,2.0,1
514.0,4.0,13.0,4.0,2.0,1615.0,4.0,4.0,3.0,2.0,1.0,2.0,2.0,37.0,3.0,2.0,1.0,3.0,2.0,1.0,2.0,1
481.0,4.0,13.0,4.0,6.0,1213.0,1.0,3.0,3.0,2.0,1.0,2.0,1.0,30.0,3.0,2.0,2.0,3.0,2.0,1.0,2.0,1
505.0,4.0,19.0,4.0,2.0,3703.0,1.0,2.0,3.0,1.0,1.0,2.0,3.0,39.0,3.0,2.0,2.0,3.0,2.0,2.0,2.0,1
533.0,2.0,19.0,4.0,2.0,4066.0,1.0,5.0,3.0,2.0,1.0,4.0,2.0,41.0,3.0,2.0,1.0,3.0,2.0,2.0,2.0,1
489.0,4.0,13.0,2.0,6.0,1119.0,1.0,3.0,2.0,4.0,1.0,2.0,1.0,27.0,3.0,2.0,1.0,3.0,2.0,2.0,2.0,1
470.0,4.0,11.0,2.0,0.0,3426.0,5.0,2.0,2.0,3.0,1.0,3.0,2.0,46.0,3.0,2.0,1.0,3.0,2.0,2.0,2.0,1
543.0,4.0,46.0,2.0,3.0,1984.0,1.0,2.0,4.0,3.0,1.0,1.0,1.0,39.0,3.0,2.0,1.0,3.0,2.0,1.0,2.0,1
510.0,4.0,12.0,4.0,2.0,3657.0,1.0,5.0,2.0,3.0,1.0,4.0,2.0,44.0,3.0,2.0,1.0,3.0,2.0,1.0,2.0,1
485.0,1.0,20.0,0.0,7.0,3341.0,1.0,4.0,3.0,3.0,1.0,1.0,2.0,34.0,3.0,2.0,1.0,3.0,2.0,2.0,2.0,1
528.0,4.0,27.0,4.0,3.0,2615.0,1.0,5.0,4.0,4.0,1.0,3.0,1.0,49.0,3.0,2.0,2.0,3.0,2.0,1.0,2.0,1
496.0,1.0,13.0,5.0,1.0,1560.0,1.0,5.0,4.0,3.0,1.0,3.0,1.0,53.0,3.0,2.0,1.0,3.0,2.0,1.0,2.0,1
550.0,4.0,26.0,2.0,3.0,1386.0,2.0,4.0,4.0,4.0,1.0,3.0,2.0,27.0,3.0,2.0,1.0,3.0,2.0,2.0,2.0,1
505.0,4.0,6.0,2.0,3.0,2357.0,1.0,4.0,2.0,4.0,1.0,2.0,1.0,32.0,3.0,2.0,1.0,3.0,2.0,1.0,2.0,1
516.0,4.0,26.0,4.0,1.0,3909.0,5.0,4.0,3.0,3.0,1.0,4.0,2.0,46.0,3.0,2.0,2.0,3.0,2.0,2.0,2.0,1
513.0,4.0,12.0,5.0,0.0,1031.0,1.0,1.0,1.0,2.0,1.0,2.0,2.0,42.0,3.0,2.0,1.0,3.0,2.0,1.0,2.0,1
503.0,1.0,13.0,2.0,3.0,1830.0,3.0,6.0,3.0,4.0,1.0,1.0,1.0,40.0,3.0,2.0,1.0,3.0,2.0,1.0,2.0,1
545.0,5.0,25.0,2.0,0.0,1340.0,1.0,2.0,4.0,4.0,1.0,2.0,1.0,27.0,3.0,2.0,1.0,3.0,2.0,1.0,2.0,1
489.0,4.0,23.0,4.0,0.0,2572.0,2.0,4.0,4.0,4.0,1.0,3.0,2.0,29.0,3.0,2.0,2.0,3.0,2.0,2.0,2.0,1
500.0,4.0,7.0,2.0,3.0,1764.0,1.0,4.0,3.0,4.0,1.0,2.0,2.0,51.0,3.0,2.0,1.0,3.0,2.0,1.0,2.0,1
463.0,4.0,27.0,4.0,5.0,3809.0,1.0,3.0,4.0,1.0,1.0,2.0,1.0,34.0,3.0,2.0,2.0,3.0,2.0,2.0,2.0,1
501.0,4.0,23.0,2.0,1.0,7818.0,1.0,4.0,3.0,3.0,1.0,3.0,3.0,39.0,3.0,2.0,1.0,3.0,2.0,2.0,2.0,1
513.0,4.0,6.0,4.0,3.0,1788.0,5.0,5.0,2.0,4.0,1.0,2.0,1.0,29.0,4.0,2.0,2.0,3.0,2.0,1.0,2.0,1
537.0,4.0,14.0,4.0,3.0,1231.0,5.0,5.0,4.0,2.0,1.0,2.0,1.0,41.0,3.0,2.0,2.0,3.0,2.0,2.0,2.0,1
546.0,3.0,25.0,4.0,1.0,7226.0,5.0,3.0,2.0,3.0,1.0,4.0,2.0,45.0,3.0,2.0,2.0,3.0,2.0,2.0,2.0,1
554.0,4.0,25.0,4.0,2.0,5498.0,1.0,6.0,4.0,3.0,1.0,4.0,3.0,35.0,3.0,2.0,1.0,3.0,2.0,2.0,2.0,1
556.0,1.0,6.0,2.0,0.0,1251.0,2.0,5.0,3.0,3.0,1.0,2.0,2.0,44.0,3.0,2.0,1.0,3.0,2.0,2.0,2.0,1
511.0,4.0,6.0,4.0,0.0,2048.0,3.0,3.0,1.0,4.0,1.0,2.0,3.0,26.0,3.0,2.0,1.0,3.0,2.0,1.0,2.0,1
507.0,5.0,6.0,2.0,7.0,1693.0,1.0,2.0,1.0,2.0,1.0,2.0,4.0,40.0,3.0,2.0,1.0,3.0,2.0,1.0,2.0,1
551.0,2.0,24.0,5.0,0.0,3675.0,2.0,2.0,4.0,1.0,1.0,2.0,3.0,39.0,3.0,2.0,1.0,3.0,2.0,2.0,2.0,1
536.0,2.0,45.0,2.0,2.0,3894.0,1.0,2.0,2.0,4.0,1.0,1.0,2.0,24.0,3.0,2.0,1.0,3.0,2.0,1.0,2.0,1
513.0,5.0,16.0,2.0,0.0,3360.0,4.0,4.0,4.0,2.0,1.0,3.0,3.0,21.0,3.0,2.0,1.0,3.0,2.0,1.0,2.0,1
521.0,2.0,27.0,3.0,3.0,3018.0,2.0,2.0,2.0,4.0,1.0,1.0,3.0,31.0,3.0,2.0,1.0,3.0,2.0,1.0,2.0,1
595.0,2.0,28.0,3.0,6.0,7323.0,2.0,4.0,4.0,3.0,1.0,5.0,3.0,39.0,3.0,2.0,1.0,3.0,2.0,2.0,2.0,1
539.0,5.0,40.0,2.0,6.0,1821.0,1.0,3.0,4.0,3.0,1.0,5.0,3.0,40.0,3.0,2.0,1.0,3.0,2.0,2.0,2.0,0
526.0,5.0,25.0,2.0,3.0,6138.0,5.0,2.0,1.0,2.0,1.0,1.0,3.0,42.0,3.0,2.0,2.0,3.0,2.0,2.0,2.0,0
546.0,4.0,37.0,4.0,2.0,7965.0,1.0,2.0,2.0,2.0,1.0,4.0,2.0,25.0,3.0,2.0,2.0,3.0,2.0,2.0,2.0,0
528.0,4.0,39.0,2.0,2.0,3529.0,1.0,3.0,4.0,2.0,1.0,2.0,3.0,30.0,3.0,2.0,1.0,3.0,2.0,2.0,2.0,0
530.0,4.0,39.0,2.0,2.0,8561.0,1.0,1.0,4.0,2.0,1.0,2.0,3.0,25.0,3.0,2.0,2.0,3.0,2.0,2.0,2.0,0
589.0,4.0,7.0,2.0,3.0,562.0,1.0,3.0,3.0,2.0,1.0,1.0,1.0,30.0,3.0,2.0,1.0,3.0,2.0,1.0,2.0,1
540.0,4.0,17.0,2.0,3.0,1239.0,5.0,2.0,4.0,2.0,1.0,2.0,1.0,23.0,3.0,2.0,1.0,3.0,2.0,2.0,2.0,1
605.0,2.0,11.0,4.0,1.0,2063.0,1.0,1.0,4.0,3.0,1.0,2.0,3.0,35.0,4.0,2.0,2.0,3.0,2.0,2.0,2.0,1
620.0,4.0,27.0,4.0,3.0,8291.0,1.0,3.0,2.0,2.0,1.0,2.0,3.0,36.0,3.0,2.0,2.0,3.0,2.0,1.0,2.0,1
556.0,1.0,13.0,2.0,3.0,745.0,1.0,3.0,4.0,4.0,1.0,2.0,1.0,44.0,3.0,2.0,1.0,3.0,2.0,1.0,2.0,1
589.0,2.0,14.0,2.0,3.0,3138.0,1.0,4.0,2.0,2.0,1.0,1.0,1.0,30.0,3.0,2.0,1.0,3.0,2.0,1.0,2.0,1
561.0,4.0,19.0,2.0,3.0,1629.0,1.0,3.0,4.0,3.0,1.0,2.0,4.0,36.0,3.0,2.0,1.0,3.0,2.0,2.0,2.0,1
541.0,4.0,18.0,4.0,3.0,2320.0,1.0,3.0,2.0,2.0,1.0,1.0,3.0,28.0,3.0,2.0,2.0,3.0,2.0,1.0,2.0,1
552.0,4.0,4.0,5.0,3.0,1484.0,1.0,4.0,2.0,3.0,1.0,1.0,1.0,44.0,3.0,2.0,2.0,3.0,2.0,1.0,2.0,1
601.0,4.0,25.0,4.0,1.0,2131.0,5.0,4.0,4.0,3.0,1.0,4.0,3.0,42.0,3.0,2.0,2.0,3.0,2.0,2.0,2.0,1
582.0,3.0,13.0,2.0,3.0,2022.0,1.0,3.0,2.0,2.0,1.0,2.0,3.0,45.0,3.0,2.0,1.0,3.0,2.0,2.0,2.0,1
575.0,1.0,19.0,4.0,3.0,2056.0,1.0,4.0,4.0,4.0,1.0,4.0,2.0,34.0,3.0,2.0,2.0,3.0,2.0,2.0,2.0,1
571.0,1.0,20.0,2.0,3.0,2398.0,1.0,2.0,4.0,2.0,1.0,1.0,3.0,31.0,3.0,2.0,1.0,3.0,2.0,1.0,2.0,1
531.0,2.0,25.0,2.0,3.0,2051.0,1.0,5.0,4.0,2.0,1.0,4.0,3.0,22.0,3.0,2.0,1.0,3.0,2.0,2.0,2.0,1
552.0,4.0,4.0,4.0,0.0,3524.0,1.0,4.0,1.0,2.0,1.0,1.0,1.0,41.0,3.0,2.0,1.0,3.0,2.0,1.0,2.0,1
538.0,4.0,4.0,4.0,0.0,1652.0,1.0,4.0,2.0,3.0,1.0,1.0,1.0,43.0,3.0,2.0,3.0,3.0,2.0,1.0,2.0,1
558.0,4.0,7.0,4.0,3.0,777.0,5.0,5.0,4.0,3.0,1.0,2.0,2.0,47.0,3.0,2.0,2.0,3.0,2.0,2.0,2.0,1
567.0,2.0,19.0,0.0,2.0,3389.0,1.0,3.0,1.0,2.0,1.0,4.0,3.0,33.0,3.0,2.0,2.0,3.0,2.0,2.0,2.0,1
546.0,2.0,10.0,2.0,3.0,1699.0,1.0,2.0,4.0,2.0,1.0,2.0,3.0,22.0,3.0,2.0,1.0,3.0,2.0,2.0,2.0,0
610.0,2.0,44.0,4.0,3.0,4410.0,5.0,4.0,4.0,3.0,1.0,1.0,3.0,68.0,3.0,2.0,2.0,3.0,2.0,2.0,2.0,1
558.0,2.0,12.0,2.0,2.0,2055.0,1.0,3.0,4.0,3.0,1.0,2.0,2.0,39.0,3.0,2.0,1.0,3.0,2.0,1.0,2.0,0
603.0,4.0,18.0,4.0,2.0,1542.0,2.0,2.0,4.0,2.0,1.0,1.0,2.0,28.0,3.0,2.0,2.0,3.0,2.0,1.0,2.0,1
570.0,4.0,4.0,4.0,3.0,1603.0,1.0,4.0,2.0,3.0,1.0,1.0,1.0,46.0,3.0,2.0,3.0,3.0,2.0,1.0,2.0,1
608.0,2.0,9.0,2.0,6.0,944.0,1.0,2.0,3.0,4.0,1.0,2.0,1.0,27.0,3.0,2.0,1.0,3.0,2.0,2.0,2.0,1
566.0,2.0,31.0,2.0,3.0,1762.0,5.0,3.0,4.0,2.0,1.0,1.0,3.0,25.0,3.0,2.0,1.0,3.0,2.0,1.0,2.0,1
565.0,3.0,11.0,4.0,3.0,1444.0,5.0,4.0,4.0,3.0,1.0,2.0,2.0,27.0,3.0,2.0,2.0,3.0,2.0,2.0,2.0,1
591.0,2.0,12.0,2.0,0.0,1099.0,5.0,3.0,4.0,3.0,1.0,1.0,1.0,23.0,3.0,2.0,1.0,3.0,2.0,1.0,2.0,1
658.0,4.0,12.0,4.0,2.0,1525.0,3.0,4.0,3.0,2.0,1.0,4.0,3.0,41.0,3.0,2.0,1.0,3.0,2.0,2.0,2.0,1
599.0,2.0,13.0,2.0,0.0,2191.0,1.0,4.0,3.0,3.0,1.0,4.0,2.0,33.0,3.0,2.0,1.0,3.0,2.0,2.0,2.0,1
543.0,4.0,46.0,5.0,6.0,2281.0,1.0,4.0,2.0,3.0,1.0,3.0,1.0,54.0,3.0,2.0,1.0,3.0,2.0,1.0,2.0,1
556.0,4.0,11.0,2.0,0.0,1159.0,1.0,3.0,3.0,4.0,1.0,2.0,1.0,27.0,3.0,2.0,2.0,3.0,2.0,2.0,2.0,1
561.0,4.0,10.0,2.0,6.0,943.0,5.0,4.0,4.0,2.0,1.0,3.0,2.0,42.0,3.0,2.0,1.0,3.0,2.0,2.0,2.0,1
552.0,2.0,11.0,2.0,2.0,1643.0,4.0,2.0,4.0,2.0,1.0,1.0,1.0,20.0,3.0,2.0,1.0,3.0,2.0,1.0,2.0,1
596.0,4.0,34.0,3.0,6.0,2805.0,1.0,3.0,2.0,2.0,1.0,2.0,3.0,27.0,3.0,2.0,2.0,3.0,2.0,2.0,2.0,1
605.0,2.0,45.0,0.0,0.0,7993.0,3.0,2.0,1.0,2.0,1.0,1.0,3.0,31.0,3.0,2.0,2.0,3.0,2.0,1.0,2.0,1
631.0,3.0,12.0,2.0,2.0,1489.0,1.0,3.0,4.0,2.0,1.0,1.0,2.0,33.0,3.0,2.0,1.0,3.0,2.0,2.0,2.0,1
585.0,4.0,26.0,2.0,1.0,5600.0,6.0,1.0,2.0,2.0,1.0,4.0,2.0,27.0,3.0,2.0,1.0,3.0,2.0,2.0,2.0,1
656.0,2.0,16.0,2.0,6.0,1624.0,3.0,5.0,1.0,4.0,1.0,2.0,1.0,39.0,3.0,2.0,1.0,3.0,2.0,2.0,2.0,1
591.0,4.0,20.0,4.0,0.0,3924.0,5.0,2.0,2.0,1.0,1.0,5.0,1.0,46.0,3.0,2.0,2.0,3.0,2.0,2.0,2.0,1
563.0,4.0,19.0,4.0,1.0,4070.0,1.0,4.0,3.0,3.0,1.0,1.0,3.0,31.0,3.0,2.0,2.0,3.0,2.0,1.0,2.0,1
609.0,2.0,45.0,2.0,0.0,7038.0,2.0,2.0,4.0,2.0,1.0,2.0,2.0,26.0,3.0,2.0,1.0,3.0,2.0,1.0,2.0,0
604.0,3.0,25.0,2.0,3.0,1415.0,2.0,5.0,4.0,2.0,1.0,2.0,4.0,47.0,3.0,2.0,1.0,3.0,2.0,2.0,2.0,1
540.0,5.0,30.0,3.0,6.0,4788.0,1.0,3.0,2.0,3.0,1.0,2.0,2.0,28.0,3.0,2.0,2.0,3.0,2.0,2.0,2.0,1
622.0,2.0,24.0,3.0,3.0,1576.0,2.0,4.0,3.0,2.0,1.0,2.0,2.0,22.0,3.0,2.0,2.0,3.0,2.0,2.0,2.0,1
555.0,2.0,37.0,3.0,6.0,8146.0,2.0,4.0,1.0,3.0,1.0,3.0,2.0,32.0,3.0,2.0,2.0,3.0,2.0,2.0,2.0,1
621.0,4.0,6.0,4.0,0.0,372.0,2.0,3.0,4.0,2.0,1.0,4.0,3.0,55.0,3.0,2.0,2.0,3.0,2.0,1.0,2.0,1
596.0,4.0,12.0,4.0,2.0,1970.0,1.0,5.0,4.0,3.0,1.0,4.0,3.0,43.0,3.0,2.0,3.0,3.0,2.0,2.0,2.0,1
631.0,4.0,42.0,2.0,3.0,8293.0,5.0,4.0,4.0,3.0,1.0,3.0,3.0,41.0,3.0,2.0,1.0,3.0,2.0,2.0,2.0,1
567.0,3.0,12.0,2.0,0.0,1354.0,1.0,2.0,4.0,3.0,1.0,1.0,1.0,28.0,3.0,2.0,1.0,3.0,2.0,1.0,2.0,1
608.0,4.0,35.0,2.0,6.0,7761.0,5.0,3.0,2.0,3.0,1.0,4.0,4.0,38.0,3.0,2.0,1.0,3.0,2.0,2.0,2.0,1
680.0,2.0,28.0,2.0,1.0,8132.0,1.0,2.0,2.0,3.0,1.0,3.0,3.0,30.0,3.0,2.0,2.0,3.0,2.0,1.0,2.0,1
600.0,2.0,32.0,1.0,2.0,3760.0,4.0,3.0,4.0,3.0,1.0,2.0,3.0,33.0,3.0,2.0,1.0,3.0,2.0,2.0,2.0,1
651.0,2.0,40.0,2.0,1.0,7675.0,1.0,3.0,2.0,3.0,1.0,2.0,3.0,37.0,3.0,2.0,1.0,3.0,2.0,2.0,2.0,1
625.0,2.0,47.0,0.0,6.0,8564.0,5.0,3.0,2.0,3.0,1.0,2.0,3.0,47.0,3.0,2.0,1.0,3.0,2.0,2.0,2.0,1
590.0,1.0,36.0,2.0,2.0,3476.0,1.0,5.0,4.0,3.0,1.0,2.0,3.0,43.0,3.0,2.0,1.0,3.0,2.0,1.0,2.0,0
588.0,1.0,12.0,2.0,6.0,725.0,1.0,3.0,4.0,4.0,1.0,4.0,3.0,40.0,3.0,2.0,1.0,3.0,2.0,1.0,2.0,0
637.0,1.0,36.0,4.0,2.0,4812.0,3.0,3.0,1.0,2.0,1.0,4.0,3.0,24.0,3.0,2.0,2.0,3.0,2.0,1.0,2.0,0
585.0,1.0,46.0,2.0,3.0,7785.0,5.0,4.0,4.0,2.0,1.0,3.0,3.0,31.0,3.0,2.0,1.0,3.0,2.0,2.0,2.0,0
606.0,1.0,25.0,1.0,4.0,1615.0,1.0,5.0,4.0,3.0,1.0,4.0,2.0,26.0,3.0,2.0,1.0,3.0,2.0,1.0,2.0,0
621.0,1.0,24.0,2.0,2.0,2476.0,2.0,1.0,1.0,1.0,1.0,1.0,2.0,34.0,3.0,2.0,1.0,3.0,2.0,1.0,2.0,0
612.0,5.0,26.0,5.0,3.0,3623.0,2.0,5.0,2.0,3.0,1.0,4.0,3.0,34.0,3.0,2.0,2.0,3.0,2.0,1.0,2.0,0
591.0,1.0,13.0,2.0,4.0,800.0,2.0,1.0,4.0,2.0,1.0,3.0,2.0,24.0,3.0,2.0,1.0,3.0,2.0,1.0,2.0,0
555.0,1.0,11.0,2.0,2.0,8375.0,1.0,5.0,4.0,3.0,1.0,4.0,4.0,56.0,3.0,2.0,1.0,3.0,2.0,2.0,2.0,0
590.0,1.0,27.0,2.0,1.0,2895.0,1.0,4.0,2.0,3.0,1.0,1.0,4.0,36.0,3.0,2.0,1.0,3.0,2.0,2.0,2.0,1
631.0,1.0,20.0,4.0,0.0,5431.0,1.0,5.0,2.0,3.0,1.0,4.0,4.0,41.0,3.0,2.0,3.0,3.0,2.0,2.0,2.0,1
616.0,1.0,34.0,2.0,2.0,4058.0,1.0,3.0,1.0,3.0,1.0,2.0,2.0,36.0,3.0,2.0,1.0,3.0,2.0,1.0,2.0,1
611.0,1.0,19.0,2.0,3.0,3534.0,1.0,5.0,4.0,2.0,1.0,1.0,1.0,27.0,3.0,2.0,1.0,3.0,2.0,1.0,2.0,1
634.0,2.0,13.0,2.0,2.0,3081.0,1.0,2.0,3.0,2.0,1.0,1.0,1.0,33.0,3.0,2.0,1.0,3.0,2.0,1.0,2.0,1
571.0,4.0,12.0,2.0,2.0,1835.0,1.0,5.0,2.0,3.0,1.0,2.0,1.0,30.0,3.0,2.0,1.0,3.0,2.0,1.0,2.0,1
624.0,1.0,8.0,4.0,6.0,1217.0,1.0,5.0,3.0,3.0,1.0,4.0,4.0,53.0,3.0,2.0,2.0,3.0,2.0,2.0,2.0,1
575.0,1.0,38.0,4.0,2.0,6684.0,1.0,2.0,4.0,2.0,1.0,4.0,4.0,26.0,3.0,2.0,2.0,3.0,2.0,2.0,2.0,0
592.0,1.0,24.0,1.0,0.0,1218.0,1.0,1.0,1.0,2.0,1.0,5.0,4.0,28.0,3.0,2.0,2.0,3.0,2.0,1.0,2.0,0
593.0,1.0,30.0,0.0,2.0,4324.0,1.0,3.0,2.0,1.0,1.0,2.0,1.0,31.0,3.0,2.0,2.0,3.0,2.0,1.0,2.0,1
654.0,1.0,38.0,4.0,2.0,5643.0,1.0,3.0,3.0,3.0,1.0,2.0,2.0,28.0,3.0,2.0,2.0,3.0,2.0,1.0,2.0,1
658.0,1.0,13.0,2.0,2.0,773.0,1.0,3.0,2.0,3.0,1.0,3.0,2.0,40.0,3.0,2.0,1.0,3.0,2.0,1.0,2.0,1
611.0,1.0,22.0,4.0,0.0,604.0,1.0,5.0,4.0,3.0,1.0,4.0,1.0,66.0,3.0,2.0,2.0,3.0,2.0,1.0,2.0,1
564.0,1.0,32.0,2.0,3.0,2748.0,1.0,5.0,1.0,3.0,1.0,3.0,2.0,41.0,3.0,2.0,1.0,3.0,2.0,1.0,2.0,1
657.0,1.0,36.0,2.0,2.0,5268.0,1.0,4.0,4.0,3.0,1.0,2.0,2.0,31.0,3.0,2.0,1.0,3.0,2.0,1.0,2.0,0
628.0,1.0,39.0,2.0,1.0,8269.0,1.0,3.0,2.0,3.0,1.0,2.0,2.0,27.0,3.0,2.0,1.0,3.0,2.0,1.0,2.0,0
611.0,4.0,22.0,4.0,2.0,2047.0,1.0,4.0,2.0,3.0,1.0,2.0,2.0,33.0,3.0,2.0,2.0,3.0,2.0,1.0,2.0,1
632.0,1.0,6.0,2.0,0.0,1361.0,6.0,1.0,4.0,2.0,1.0,3.0,4.0,65.0,3.0,2.0,1.0,3.0,2.0,2.0,2.0,1
668.0,1.0,13.0,2.0,2.0,1261.0,1.0,3.0,4.0,3.0,1.0,1.0,2.0,22.0,3.0,2.0,1.0,3.0,2.0,1.0,2.0,1
618.0,1.0,39.0,2.0,2.0,2638.0,1.0,5.0,2.0,3.0,1.0,2.0,2.0,41.0,3.0,2.0,1.0,3.0,2.0,1.0,2.0,0
651.0,1.0,16.0,4.0,2.0,1031.0,1.0,3.0,2.0,1.0,1.0,3.0,2.0,27.0,3.0,2.0,2.0,3.0,2.0,1.0,2.0,1
655.0,2.0,6.0,3.0,2.0,1130.0,1.0,1.0,4.0,3.0,1.0,1.0,2.0,38.0,3.0,2.0,2.0,3.0,2.0,2.0,2.0,1
611.0,1.0,6.0,4.0,0.0,721.0,1.0,4.0,4.0,2.0,1.0,3.0,2.0,39.0,3.0,2.0,2.0,3.0,2.0,1.0,2.0,1
661.0,1.0,48.0,2.0,1.0,4766.0,1.0,4.0,4.0,3.0,1.0,3.0,2.0,28.0,3.0,2.0,1.0,3.0,2.0,1.0,2.0,1
645.0,2.0,26.0,2.0,2.0,2878.0,2.0,5.0,4.0,3.0,1.0,4.0,4.0,31.0,3.0,2.0,1.0,3.0,2.0,1.0,2.0,1
607.0,2.0,13.0,2.0,0.0,924.0,2.0,2.0,4.0,2.0,1.0,2.0,2.0,25.0,3.0,2.0,1.0,3.0,2.0,1.0,2.0,0
618.0,1.0,13.0,2.0,2.0,2687.0,1.0,3.0,2.0,1.0,1.0,1.0,3.0,45.0,3.0,2.0,1.0,3.0,2.0,1.0,2.0,1
662.0,1.0,13.0,2.0,2.0,1843.0,1.0,3.0,2.0,2.0,1.0,3.0,2.0,33.0,3.0,2.0,1.0,3.0,2.0,1.0,2.0,1
684.0,1.0,16.0,2.0,2.0,1820.0,1.0,2.0,4.0,2.0,1.0,1.0,2.0,42.0,3.0,2.0,1.0,3.0,2.0,1.0,2.0,1
611.0,1.0,27.0,2.0,1.0,6438.0,1.0,1.0,4.0,3.0,1.0,2.0,1.0,30.0,3.0,2.0,1.0,3.0,2.0,2.0,2.0,1
654.0,1.0,13.0,2.0,0.0,1961.0,1.0,3.0,4.0,2.0,1.0,4.0,2.0,63.0,3.0,2.0,3.0,3.0,2.0,2.0,2.0,1
631.0,5.0,32.0,4.0,1.0,8518.0,1.0,5.0,3.0,3.0,1.0,4.0,4.0,38.0,3.0,2.0,3.0,3.0,2.0,2.0,2.0,1
644.0,1.0,18.0,2.0,0.0,2218.0,2.0,4.0,4.0,3.0,1.0,3.0,3.0,33.0,3.0,2.0,1.0,3.0,2.0,2.0,2.0,1
661.0,1.0,31.0,2.0,6.0,2942.0,1.0,2.0,2.0,1.0,1.0,4.0,2.0,30.0,3.0,2.0,1.0,3.0,2.0,1.0,2.0,0
690.0,2.0,12.0,4.0,0.0,1010.0,1.0,4.0,2.0,3.0,1.0,3.0,1.0,51.0,3.0,2.0,2.0,3.0,2.0,1.0,2.0,1
683.0,4.0,27.0,2.0,1.0,7920.0,5.0,3.0,2.0,1.0,1.0,4.0,4.0,43.0,3.0,2.0,1.0,3.0,2.0,2.0,2.0,1
673.0,4.0,25.0,4.0,6.0,6851.0,1.0,1.0,4.0,3.0,1.0,2.0,4.0,27.0,3.0,2.0,2.0,3.0,2.0,2.0,2.0,1
607.0,1.0,13.0,5.0,1.0,1668.0,1.0,5.0,4.0,3.0,1.0,4.0,4.0,66.0,3.0,2.0,2.0,3.0,2.0,1.0,2.0,1
665.0,1.0,13.0,2.0,2.0,3902.0,1.0,3.0,2.0,3.0,1.0,2.0,2.0,31.0,3.0,2.0,1.0,3.0,2.0,1.0,2.0,1
685.0,1.0,26.0,4.0,1.0,7097.0,1.0,1.0,2.0,3.0,1.0,4.0,4.0,63.0,3.0,2.0,2.0,3.0,2.0,2.0,2.0,1
681.0,1.0,7.0,4.0,2.0,1941.0,1.0,1.0,4.0,3.0,1.0,4.0,5.0,36.0,3.0,2.0,3.0,3.0,2.0,2.0,2.0,1
685.0,4.0,13.0,2.0,0.0,3070.0,5.0,1.0,4.0,3.0,1.0,4.0,4.0,41.0,3.0,2.0,3.0,3.0,2.0,2.0,2.0,1
669.0,4.0,20.0,4.0,3.0,1672.0,4.0,5.0,4.0,3.0,1.0,4.0,3.0,47.0,3.0,2.0,2.0,3.0,2.0,1.0,2.0,1
699.0,5.0,7.0,2.0,6.0,1393.0,5.0,1.0,4.0,3.0,1.0,4.0,2.0,42.0,3.0,2.0,1.0,3.0,2.0,2.0,2.0,1
701.0,1.0,11.0,2.0,2.0,2506.0,1.0,1.0,4.0,2.0,1.0,4.0,5.0,53.0,3.0,2.0,1.0,3.0,2.0,1.0,2.0,1
712.0,1.0,16.0,4.0,2.0,1638.0,1.0,3.0,4.0,2.0,1.0,3.0,2.0,27.0,3.0,2.0,2.0,3.0,2.0,1.0,2.0,1
681.0,1.0,45.0,2.0,2.0,8428.0,1.0,4.0,2.0,3.0,1.0,4.0,2.0,52.0,3.0,2.0,1.0,3.0,2.0,1.0,2.0,1
638.0,1.0,26.0,2.0,2.0,4306.0,1.0,3.0,3.0,3.0,1.0,4.0,2.0,29.0,3.0,2.0,1.0,3.0,2.0,1.0,2.0,1
669.0,1.0,34.0,2.0,2.0,3846.0,1.0,1.0,4.0,3.0,1.0,3.0,2.0,30.0,3.0,2.0,1.0,3.0,2.0,2.0,2.0,1
685.0,4.0,41.0,2.0,0.0,4436.0,1.0,4.0,2.0,3.0,1.0,4.0,4.0,39.0,3.0,2.0,1.0,3.0,2.0,2.0,2.0,1
678.0,1.0,24.0,2.0,2.0,3504.0,1.0,2.0,4.0,3.0,1.0,1.0,4.0,23.0,3.0,2.0,1.0,3.0,2.0,1.0,2.0,1
715.0,1.0,13.0,4.0,2.0,2249.0,1.0,5.0,3.0,3.0,1.0,3.0,2.0,56.0,3.0,2.0,2.0,3.0,2.0,1.0,2.0,0
674.0,1.0,14.0,4.0,6.0,1720.0,1.0,2.0,3.0,3.0,1.0,1.0,2.0,30.0,3.0,2.0,2.0,3.0,2.0,1.0,2.0,1
619.0,1.0,22.0,4.0,2.0,4322.0,1.0,5.0,1.0,2.0,1.0,4.0,2.0,23.0,3.0,2.0,2.0,3.0,2.0,1.0,2.0,1
641.0,4.0,25.0,4.0,1.0,3071.0,1.0,5.0,4.0,3.0,1.0,4.0,2.0,65.0,3.0,2.0,2.0,3.0,2.0,2.0,2.0,1
733.0,1.0,38.0,4.0,2.0,2385.0,1.0,3.0,3.0,4.0,1.0,2.0,2.0,48.0,4.0,2.0,2.0,3.0,2.0,2.0,2.0,1
686.0,3.0,48.0,0.0,7.0,6579.0,1.0,2.0,2.0,1.0,1.0,1.0,2.0,32.0,3.0,2.0,2.0,3.0,2.0,1.0,2.0,1
676.0,1.0,26.0,4.0,1.0,6855.0,1.0,5.0,2.0,2.0,1.0,2.0,4.0,47.0,3.0,2.0,2.0,3.0,2.0,2.0,2.0,1
710.0,1.0,43.0,4.0,1.0,6405.0,1.0,5.0,4.0,2.0,1.0,4.0,4.0,55.0,3.0,2.0,2.0,3.0,2.0,1.0,2.0,0
694.0,4.0,27.0,4.0,7.0,1770.0,1.0,6.0,4.0,3.0,1.0,4.0,4.0,57.0,3.0,2.0,2.0,3.0,2.0,1.0,2.0,1
744.0,1.0,41.0,2.0,6.0,7630.0,1.0,1.0,2.0,1.0,1.0,3.0,3.0,47.0,3.0,2.0,1.0,3.0,2.0,1.0,2.0,1
723.0,4.0,27.0,4.0,3.0,2263.0,2.0,5.0,4.0,3.0,1.0,4.0,2.0,56.0,3.0,2.0,2.0,3.0,2.0,1.0,2.0,1
673.0,4.0,42.0,3.0,3.0,7702.0,5.0,5.0,3.0,3.0,1.0,2.0,3.0,32.0,3.0,2.0,2.0,3.0,2.0,1.0,2.0,1
715.0,2.0,43.0,3.0,6.0,2574.0,2.0,5.0,4.0,3.0,1.0,2.0,2.0,42.0,3.0,2.0,2.0,3.0,2.0,2.0,2.0,1
746.0,2.0,19.0,2.0,6.0,2634.0,2.0,3.0,4.0,3.0,1.0,4.0,3.0,37.0,3.0,2.0,1.0,3.0,2.0,1.0,2.0,1
676.0,2.0,25.0,2.0,2.0,4543.0,5.0,3.0,1.0,2.0,1.0,4.0,2.0,48.0,3.0,2.0,1.0,3.0,2.0,2.0,2.0,1
696.0,2.0,6.0,2.0,3.0,388.0,5.0,5.0,4.0,3.0,1.0,4.0,2.0,41.0,3.0,2.0,1.0,3.0,2.0,1.0,2.0,1
673.0,4.0,13.0,2.0,6.0,787.0,5.0,5.0,4.0,3.0,1.0,4.0,2.0,40.0,3.0,2.0,2.0,3.0,2.0,1.0,2.0,1
697.0,4.0,24.0,4.0,3.0,2658.0,5.0,5.0,4.0,3.0,1.0,4.0,2.0,59.0,3.0,2.0,2.0,3.0,2.0,1.0,2.0,1
643.0,2.0,42.0,3.0,7.0,7055.0,6.0,3.0,4.0,3.0,1.0,4.0,4.0,39.0,3.0,2.0,1.0,3.0,2.0,2.0,2.0,1
752.0,2.0,20.0,4.0,6.0,2602.0,5.0,5.0,4.0,3.0,1.0,2.0,2.0,41.0,3.0,2.0,2.0,3.0,2.0,1.0,2.0,1
726.0,2.0,24.0,4.0,3.0,1267.0,2.0,2.0,4.0,3.0,1.0,4.0,4.0,41.0,3.0,2.0,2.0,3.0,2.0,1.0,2.0,0
712.0,2.0,6.0,2.0,3.0,817.0,1.0,3.0,2.0,2.0,1.0,3.0,1.0,72.0,3.0,2.0,1.0,3.0,2.0,1.0,2.0,1
677.0,2.0,7.0,2.0,3.0,2575.0,1.0,3.0,2.0,3.0,1.0,2.0,1.0,38.0,3.0,2.0,1.0,3.0,2.0,1.0,2.0,1
701.0,2.0,6.0,2.0,3.0,620.0,1.0,2.0,3.0,4.0,1.0,3.0,1.0,28.0,3.0,2.0,1.0,3.0,2.0,1.0,2.0,1
652.0,2.0,9.0,2.0,3.0,1644.0,1.0,3.0,4.0,3.0,1.0,2.0,1.0,33.0,3.0,2.0,1.0,3.0,2.0,1.0,2.0,1
666.0,2.0,13.0,2.0,3.0,968.0,1.0,4.0,4.0,3.0,1.0,3.0,1.0,29.0,3.0,2.0,2.0,3.0,2.0,1.0,2.0,1
673.0,2.0,12.0,3.0,3.0,640.0,1.0,3.0,4.0,4.0,1.0,4.0,1.0,21.0,3.0,2.0,2.0,3.0,2.0,1.0,2.0,1
673.0,2.0,6.0,2.0,3.0,1097.0,1.0,5.0,4.0,3.0,1.0,4.0,3.0,29.0,3.0,2.0,1.0,3.0,2.0,1.0,2.0,1
685.0,1.0,8.0,4.0,0.0,783.0,1.0,5.0,4.0,3.0,1.0,4.0,1.0,46.0,3.0,2.0,2.0,3.0,2.0,1.0,2.0,1
721.0,2.0,13.0,2.0,3.0,1193.0,1.0,3.0,4.0,2.0,1.0,4.0,1.0,54.0,3.0,2.0,2.0,3.0,2.0,2.0,2.0,1
707.0,2.0,7.0,2.0,3.0,2662.0,1.0,2.0,1.0,2.0,1.0,1.0,1.0,49.0,3.0,2.0,1.0,3.0,2.0,1.0,2.0,1
703.0,2.0,14.0,4.0,3.0,979.0,1.0,2.0,4.0,3.0,1.0,4.0,1.0,24.0,3.0,2.0,2.0,3.0,2.0,1.0,2.0,1
695.0,2.0,18.0,2.0,3.0,884.0,1.0,3.0,4.0,4.0,1.0,2.0,1.0,27.0,3.0,2.0,1.0,3.0,2.0,1.0,2.0,1
680.0,2.0,7.0,2.0,3.0,2603.0,1.0,3.0,3.0,3.0,1.0,2.0,1.0,37.0,3.0,2.0,1.0,3.0,2.0,1.0,2.0,1
719.0,2.0,13.0,2.0,3.0,2434.0,1.0,2.0,2.0,2.0,1.0,4.0,2.0,25.0,3.0,2.0,1.0,3.0,2.0,1.0,2.0,1
695.0,2.0,19.0,2.0,3.0,1371.0,1.0,6.0,4.0,4.0,1.0,2.0,1.0,33.0,3.0,2.0,1.0,3.0,2.0,1.0,2.0,1
685.0,2.0,20.0,2.0,3.0,1721.0,1.0,3.0,4.0,2.0,1.0,4.0,1.0,27.0,3.0,2.0,1.0,3.0,2.0,1.0,2.0,1
697.0,2.0,8.0,2.0,3.0,787.0,1.0,4.0,4.0,2.0,1.0,2.0,1.0,48.0,3.0,2.0,1.0,3.0,2.0,1.0,2.0,1
759.0,2.0,13.0,2.0,3.0,669.0,1.0,2.0,4.0,4.0,1.0,1.0,1.0,26.0,3.0,2.0,1.0,3.0,2.0,1.0,2.0,1
673.0,3.0,6.0,4.0,0.0,1390.0,2.0,5.0,2.0,1.0,1.0,4.0,3.0,31.0,3.0,2.0,2.0,3.0,2.0,2.0,2.0,1
712.0,1.0,10.0,4.0,3.0,1286.0,1.0,3.0,4.0,3.0,1.0,4.0,1.0,25.0,3.0,2.0,2.0,3.0,2.0,1.0,2.0,1
767.0,2.0,21.0,4.0,3.0,1871.0,1.0,5.0,3.0,2.0,1.0,4.0,1.0,49.0,3.0,2.0,2.0,3.0,2.0,2.0,2.0,1
708.0,2.0,17.0,3.0,3.0,2687.0,6.0,4.0,5.0,3.0,1.0,2.0,1.0,35.0,3.0,2.0,3.0,3.0,2.0,2.0,2.0,1
813.0,2.0,6.0,2.0,3.0,500.0,1.0,4.0,3.0,4.0,1.0,3.0,1.0,31.0,3.0,2.0,1.0,3.0,2.0,1.0,2.0,1
717.0,2.0,12.0,1.0,3.0,1047.0,1.0,3.0,4.0,3.0,1.0,4.0,1.0,24.0,3.0,2.0,1.0,3.0,2.0,1.0,2.0,1
665.0,2.0,13.0,2.0,3.0,1265.0,1.0,5.0,3.0,4.0,1.0,3.0,1.0,43.0,3.0,2.0,2.0,3.0,2.0,1.0,2.0,1
694.0,2.0,21.0,3.0,1.0,7289.0,6.0,4.0,3.0,3.0,1.0,5.0,2.0,38.0,3.0,2.0,2.0,3.0,2.0,2.0,2.0,1
770.0,2.0,16.0,4.0,3.0,1583.0,6.0,3.0,4.0,3.0,1.0,2.0,1.0,51.0,3.0,2.0,2.0,3.0,2.0,2.0,2.0,1
730.0,1.0,12.0,2.0,3.0,2409.0,1.0,5.0,4.0,3.0,1.0,3.0,2.0,25.0,3.0,2.0,1.0,3.0,2.0,1.0,2.0,1
705.0,5.0,25.0,4.0,2.0,1746.0,1.0,5.0,5.0,3.0,1.0,3.0,2.0,40.0,3.0,2.0,2.0,3.0,2.0,1.0,2.0,1
753.0,2.0,11.0,2.0,2.0,1569.0,1.0,3.0,4.0,1.0,1.0,2.0,3.0,33.0,3.0,2.0,1.0,3.0,2.0,1.0,2.0,1
746.0,2.0,38.0,1.0,4.0,4151.0,5.0,2.0,3.0,2.0,1.0,2.0,4.0,31.0,3.0,2.0,1.0,3.0,2.0,1.0,2.0,1
741.0,3.0,20.0,2.0,2.0,3136.0,1.0,2.0,1.0,2.0,1.0,1.0,2.0,48.0,3.0,2.0,1.0,3.0,2.0,1.0,2.0,1
750.0,1.0,25.0,2.0,3.0,1292.0,2.0,3.0,4.0,2.0,1.0,2.0,3.0,33.0,3.0,2.0,1.0,3.0,2.0,1.0,2.0,0
673.0,4.0,46.0,2.0,3.0,8294.0,2.0,4.0,2.0,2.0,1.0,4.0,1.0,22.0,3.0,2.0,1.0,3.0,2.0,2.0,2.0,1
711.0,1.0,12.0,2.0,0.0,1274.0,1.0,3.0,4.0,4.0,1.0,3.0,1.0,29.0,3.0,2.0,1.0,3.0,2.0,1.0,2.0,1
755.0,2.0,6.0,2.0,5.0,506.0,1.0,2.0,3.0,4.0,1.0,1.0,2.0,25.0,3.0,2.0,1.0,3.0,2.0,1.0,2.0,1
709.0,4.0,16.0,3.0,1.0,3910.0,1.0,2.0,1.0,2.0,1.0,2.0,2.0,49.0,3.0,2.0,2.0,3.0,2.0,1.0,2.0,1
695.0,4.0,12.0,2.0,2.0,1840.0,1.0,3.0,3.0,3.0,1.0,2.0,1.0,27.0,3.0,2.0,1.0,3.0,2.0,1.0,2.0,1
769.0,4.0,45.0,3.0,3.0,7871.0,1.0,4.0,2.0,3.0,1.0,4.0,3.0,21.0,3.0,2.0,2.0,3.0,2.0,2.0,2.0,1
743.0,3.0,13.0,3.0,0.0,2439.0,1.0,3.0,2.0,2.0,1.0,2.0,3.0,39.0,3.0,2.0,2.0,3.0,2.0,2.0,2.0,1
718.0,5.0,26.0,2.0,4.0,1548.0,1.0,3.0,4.0,4.0,1.0,2.0,2.0,32.0,3.0,2.0,1.0,3.0,2.0,1.0,2.0,1
740.0,2.0,46.0,4.0,1.0,4816.0,2.0,1.0,3.0,3.0,1.0,4.0,3.0,29.0,3.0,2.0,1.0,3.0,2.0,1.0,2.0,1
767.0,1.0,27.0,5.0,3.0,1238.0,4.0,5.0,4.0,2.0,1.0,4.0,2.0,65.0,3.0,2.0,2.0,3.0,2.0,2.0,2.0,1
675.0,1.0,42.0,2.0,1.0,9026.0,5.0,5.0,3.0,3.0,1.0,4.0,3.0,48.0,3.0,2.0,1.0,3.0,2.0,1.0,2.0,0
742.0,2.0,38.0,4.0,1.0,6175.0,1.0,3.0,3.0,3.0,1.0,5.0,3.0,39.0,3.0,2.0,2.0,3.0,2.0,2.0,2.0,1
737.0,1.0,20.0,3.0,6.0,8050.0,5.0,3.0,1.0,2.0,1.0,2.0,3.0,26.0,3.0,2.0,2.0,3.0,2.0,2.0,2.0,1
701.0,4.0,30.0,2.0,2.0,3641.0,4.0,5.0,4.0,2.0,1.0,4.0,2.0,63.0,3.0,2.0,2.0,3.0,2.0,2.0,2.0,1
714.0,1.0,6.0,4.0,3.0,1195.0,5.0,5.0,4.0,3.0,1.0,4.0,1.0,70.0,3.0,2.0,2.0,3.0,2.0,2.0,2.0,1
748.0,4.0,16.0,2.0,4.0,1324.0,3.0,4.0,4.0,3.0,1.0,3.0,2.0,37.0,3.0,2.0,2.0,3.0,2.0,2.0,2.0,1
727.0,3.0,23.0,4.0,2.0,3943.0,6.0,5.0,4.0,3.0,1.0,4.0,4.0,22.0,3.0,2.0,2.0,3.0,2.0,1.0,2.0,1
766.0,2.0,32.0,4.0,0.0,2226.0,5.0,6.0,4.0,3.0,1.0,4.0,1.0,36.0,3.0,2.0,2.0,3.0,2.0,1.0,2.0,1
772.0,1.0,41.0,1.0,7.0,7595.0,1.0,4.0,2.0,2.0,1.0,4.0,3.0,38.0,3.0,2.0,1.0,3.0,2.0,1.0,2.0,0
667.0,4.0,43.0,4.0,7.0,6255.0,1.0,3.0,1.0,3.0,1.0,3.0,4.0,34.0,3.0,2.0,1.0,3.0,2.0,2.0,2.0,1
816.0,4.0,26.0,2.0,0.0,2334.0,1.0,5.0,5.0,2.0,1.0,4.0,4.0,62.0,3.0,2.0,1.0,3.0,2.0,2.0,2.0,1
746.0,1.0,47.0,4.0,5.0,3584.0,1.0,1.0,4.0,3.0,1.0,4.0,3.0,63.0,3.0,2.0,2.0,3.0,2.0,1.0,2.0,1
792.0,4.0,38.0,5.0,6.0,6575.0,5.0,5.0,4.0,3.0,1.0,4.0,1.0,39.0,3.0,2.0,2.0,3.0,2.0,1.0,2.0,1
743.0,4.0,10.0,3.0,6.0,1344.0,5.0,5.0,4.0,2.0,1.0,4.0,2.0,45.0,3.0,2.0,2.0,3.0,2.0,1.0,2.0,1
710.0,3.0,7.0,2.0,0.0,3623.0,1.0,3.0,2.0,3.0,1.0,3.0,2.0,27.0,3.0,2.0,1.0,3.0,2.0,1.0,2.0,1
848.0,4.0,38.0,0.0,5.0,2833.0,1.0,3.0,4.0,3.0,1.0,2.0,3.0,28.0,3.0,2.0,2.0,3.0,2.0,1.0,2.0,1
753.0,1.0,40.0,2.0,3.0,7164.0,1.0,4.0,4.0,3.0,1.0,1.0,4.0,54.0,3.0,2.0,1.0,3.0,2.0,2.0,2.0,1
786.0,5.0,26.0,2.0,6.0,4661.0,4.0,3.0,2.0,3.0,1.0,3.0,2.0,52.0,3.0,2.0,3.0,3.0,2.0,2.0,2.0,0
735.0,2.0,19.0,2.0,2.0,1824.0,5.0,2.0,4.0,2.0,1.0,3.0,1.0,27.0,3.0,2.0,1.0,3.0,2.0,1.0,2.0,0
780.0,2.0,44.0,2.0,3.0,5809.0,2.0,3.0,2.0,4.0,1.0,2.0,3.0,26.0,3.0,2.0,1.0,3.0,2.0,1.0,2.0,0
768.0,2.0,46.0,3.0,6.0,6581.0,1.0,3.0,4.0,3.0,1.0,4.0,4.0,51.0,3.0,2.0,1.0,3.0,2.0,1.0,2.0,0
721.0,3.0,16.0,2.0,6.0,2196.0,1.0,5.0,4.0,3.0,1.0,4.0,3.0,45.0,3.0,2.0,1.0,3.0,2.0,2.0,2.0,1
782.0,4.0,21.0,3.0,1.0,2894.0,1.0,3.0,3.0,3.0,1.0,2.0,1.0,27.0,3.0,2.0,2.0,3.0,2.0,1.0,2.0,0
765.0,4.0,36.0,3.0,1.0,8127.0,5.0,4.0,3.0,3.0,1.0,2.0,4.0,34.0,3.0,2.0,1.0,3.0,2.0,2.0,2.0,1
789.0,1.0,23.0,2.0,2.0,4319.0,1.0,3.0,2.0,3.0,1.0,2.0,3.0,27.0,3.0,2.0,1.0,3.0,2.0,1.0,2.0,1
765.0,2.0,18.0,2.0,1.0,2879.0,1.0,3.0,1.0,4.0,1.0,3.0,3.0,22.0,3.0,2.0,1.0,3.0,2.0,2.0,2.0,1
776.0,4.0,22.0,2.0,0.0,3009.0,3.0,4.0,1.0,2.0,1.0,2.0,3.0,33.0,3.0,2.0,1.0,3.0,2.0,1.0,2.0,1
759.0,4.0,14.0,2.0,0.0,1895.0,1.0,5.0,4.0,3.0,1.0,4.0,3.0,39.0,3.0,2.0,1.0,3.0,2.0,2.0,2.0,1
761.0,4.0,39.0,4.0,1.0,8498.0,5.0,3.0,4.0,3.0,1.0,2.0,3.0,34.0,3.0,2.0,1.0,3.0,2.0,2.0,2.0,1
768.0,2.0,45.0,3.0,3.0,7396.0,5.0,3.0,2.0,3.0,1.0,2.0,4.0,27.0,3.0,2.0,1.0,3.0,2.0,1.0,2.0,1
812.0,2.0,40.0,1.0,1.0,7543.0,1.0,1.0,1.0,3.0,1.0,2.0,4.0,59.0,3.0,2.0,1.0,3.0,2.0,2.0,2.0,1
739.0,4.0,44.0,2.0,0.0,3525.0,5.0,3.0,4.0,3.0,1.0,4.0,4.0,38.0,3.0,2.0,2.0,3.0,2.0,2.0,2.0,1
719.0,4.0,16.0,4.0,1.0,3729.0,4.0,5.0,3.0,3.0,1.0,4.0,4.0,25.0,3.0,2.0,2.0,3.0,2.0,2.0,2.0,1
780.0,1.0,17.0,2.0,0.0,2650.0,1.0,3.0,1.0,2.0,1.0,4.0,3.0,24.0,3.0,2.0,1.0,3.0,2.0,1.0,2.0,1
742.0,1.0,38.0,2.0,1.0,5686.0,1.0,6.0,2.0,3.0,1.0,4.0,4.0,47.0,3.0,2.0,1.0,3.0,2.0,1.0,2.0,1
789.0,4.0,6.0,2.0,4.0,1424.0,3.0,3.0,1.0,1.0,1.0,4.0,1.0,64.0,3.0,2.0,1.0,3.0,2.0,1.0,2.0,1
775.0,2.0,30.0,2.0,3.0,1180.0,1.0,5.0,4.0,3.0,1.0,4.0,3.0,39.0,3.0,2.0,2.0,3.0,2.0,1.0,2.0,1
760.0,4.0,18.0,5.0,3.0,1245.0,4.0,3.0,4.0,3.0,1.0,3.0,1.0,46.0,3.0,2.0,3.0,3.0,2.0,1.0,2.0,1
809.0,2.0,16.0,2.0,5.0,1272.0,1.0,5.0,4.0,3.0,1.0,4.0,3.0,43.0,3.0,2.0,2.0,3.0,2.0,1.0,2.0,1
853.0,2.0,21.0,0.0,1.0,6938.0,2.0,5.0,3.0,4.0,1.0,4.0,3.0,33.0,3.0,2.0,2.0,3.0,2.0,2.0,2.0,1
764.0,4.0,12.0,2.0,2.0,1757.0,5.0,4.0,3.0,2.0,1.0,4.0,1.0,33.0,3.0,2.0,1.0,3.0,2.0,1.0,2.0,1
787.0,4.0,13.0,2.0,3.0,3325.0,4.0,4.0,2.0,1.0,1.0,4.0,1.0,63.0,3.0,2.0,1.0,3.0,2.0,1.0,2.0,1
829.0,1.0,24.0,2.0,2.0,3108.0,5.0,3.0,2.0,4.0,1.0,4.0,3.0,23.0,3.0,2.0,1.0,3.0,2.0,1.0,2.0,0
757.0,4.0,34.0,4.0,1.0,7267.0,5.0,6.0,1.0,3.0,1.0,4.0,3.0,72.0,3.0,2.0,2.0,3.0,2.0,1.0,2.0,1
735.0,4.0,31.0,2.0,1.0,5015.0,5.0,4.0,2.0,2.0,1.0,4.0,2.0,25.0,3.0,2.0,1.0,3.0,2.0,1.0,2.0,1
777.0,4.0,6.0,2.0,2.0,1844.0,1.0,3.0,1.0,4.0,1.0,2.0,2.0,21.0,3.0,2.0,1.0,3.0,2.0,1.0,2.0,1
753.0,2.0,25.0,2.0,1.0,3103.0,5.0,5.0,4.0,3.0,1.0,4.0,4.0,36.0,3.0,2.0,1.0,3.0,2.0,2.0,2.0,1
771.0,4.0,25.0,4.0,5.0,6222.0,1.0,5.0,3.0,3.0,1.0,4.0,4.0,42.0,3.0,2.0,2.0,3.0,2.0,1.0,2.0,1
770.0,2.0,10.0,2.0,6.0,1251.0,1.0,4.0,4.0,2.0,1.0,4.0,2.0,64.0,3.0,2.0,2.0,3.0,2.0,2.0,2.0,1
779.0,4.0,23.0,2.0,2.0,2958.0,1.0,5.0,3.0,1.0,1.0,4.0,4.0,52.0,3.0,2.0,1.0,3.0,2.0,1.0,2.0,1
866.0,2.0,37.0,3.0,2.0,3014.0,2.0,5.0,4.0,3.0,1.0,3.0,4.0,29.0,3.0,2.0,1.0,3.0,2.0,1.0,2.0,1
833.0,3.0,9.0,2.0,0.0,714.0,1.0,3.0,4.0,3.0,1.0,3.0,3.0,32.0,3.0,2.0,1.0,3.0,2.0,1.0,2.0,0
747.0,2.0,10.0,4.0,7.0,1175.0,4.0,5.0,4.0,3.0,1.0,3.0,4.0,32.0,3.0,2.0,2.0,3.0,2.0,1.0,2.0,0
784.0,5.0,26.0,2.0,6.0,4465.0,2.0,2.0,3.0,2.0,1.0,4.0,3.0,29.0,3.0,2.0,1.0,3.0,2.0,1.0,2.0,0
738.0,2.0,6.0,2.0,0.0,8297.0,5.0,1.0,1.0,3.0,1.0,2.0,2.0,23.0,3.0,2.0,1.0,3.0,2.0,2.0,2.0,0
792.0,1.0,16.0,0.0,0.0,1032.0,1.0,6.0,4.0,3.0,1.0,3.0,3.0,36.0,3.0,2.0,2.0,3.0,2.0,1.0,2.0,0
751.0,1.0,25.0,4.0,0.0,1193.0,1.0,5.0,4.0,3.0,1.0,4.0,3.0,63.0,3.0,2.0,2.0,3.0,2.0,1.0,2.0,0
791.0,1.0,13.0,0.0,0.0,1071.0,1.0,3.0,4.0,3.0,1.0,4.0,3.0,49.0,3.0,2.0,2.0,3.0,2.0,1.0,2.0,0
736.0,2.0,35.0,2.0,7.0,2180.0,1.0,3.0,4.0,2.0,1.0,2.0,4.0,28.0,3.0,2.0,1.0,3.0,2.0,1.0,2.0,0
799.0,2.0,37.0,4.0,0.0,2884.0,1.0,2.0,4.0,1.0,1.0,2.0,3.0,29.0,3.0,2.0,2.0,3.0,2.0,1.0,2.0,0
743.0,2.0,46.0,4.0,3.0,3111.0,1.0,4.0,4.0,3.0,1.0,4.0,1.0,28.0,3.0,2.0,2.0,3.0,2.0,1.0,2.0,0
831.0,1.0,19.0,2.0,3.0,2501.0,1.0,3.0,4.0,3.0,1.0,4.0,4.0,61.0,3.0,2.0,2.0,3.0,2.0,1.0,2.0,0
927.0,4.0,21.0,0.0,0.0,5126.0,5.0,3.0,1.0,2.0,1.0,4.0,2.0,29.0,3.0,2.0,2.0,3.0,2.0,2.0,2.0,0
815.0,2.0,44.0,2.0,6.0,7096.0,1.0,3.0,4.0,3.0,1.0,4.0,4.0,43.0,3.0,2.0,1.0,3.0,2.0,1.0,2.0,0
830.0,4.0,25.0,3.0,0.0,2691.0,1.0,5.0,5.0,3.0,1.0,4.0,3.0,51.0,3.0,2.0,2.0,3.0,2.0,1.0,2.0,0
778.0,4.0,9.0,2.0,3.0,1521.0,1.0,4.0,4.0,3.0,1.0,2.0,3.0,22.0,3.0,2.0,1.0,3.0,2.0,1.0,2.0,0
804.0,2.0,40.0,4.0,3.0,5194.0,1.0,4.0,2.0,3.0,1.0,2.0,1.0,26.0,3.0,2.0,2.0,3.0,2.0,1.0,2.0,0
794.0,4.0,19.0,4.0,0.0,1598.0,1.0,3.0,3.0,3.0,1.0,2.0,2.0,34.0,3.0,2.0,2.0,3.0,2.0,1.0,2.0,0
797.0,4.0,10.0,1.0,0.0,1430.0,2.0,4.0,2.0,3.0,1.0,3.0,4.0,29.0,3.0,2.0,1.0,3.0,2.0,1.0,2.0,0
844.0,1.0,15.0,2.0,4.0,1415.0,5.0,3.0,4.0,2.0,1.0,2.0,3.0,27.0,3.0,2.0,1.0,3.0,2.0,1.0,2.0,0
769.0,1.0,25.0,2.0,3.0,1858.0,1.0,1.0,4.0,3.0,1.0,2.0,3.0,31.0,3.0,2.0,1.0,3.0,2.0,1.0,2.0,0
849.0,1.0,9.0,2.0,0.0,1504.0,1.0,2.0,3.0,3.0,1.0,2.0,4.0,28.0,3.0,2.0,1.0,3.0,2.0,2.0,2.0,0
805.0,1.0,18.0,2.0,4.0,1200.0,1.0,3.0,4.0,4.0,1.0,3.0,1.0,46.0,3.0,2.0,2.0,3.0,2.0,2.0,2.0,0
874.0,1.0,37.0,2.0,6.0,7875.0,1.0,4.0,2.0,3.0,1.0,1.0,3.0,26.0,3.0,2.0,1.0,3.0,2.0,2.0,2.0,1
827.0,1.0,39.0,3.0,7.0,2251.0,1.0,4.0,2.0,3.0,1.0,1.0,3.0,25.0,3.0,2.0,2.0,3.0,2.0,2.0,2.0,0
805.0,1.0,38.0,2.0,0.0,1898.0,1.0,2.0,4.0,2.0,1.0,4.0,3.0,37.0,3.0,2.0,1.0,3.0,2.0,2.0,2.0,1
872.0,2.0,19.0,3.0,2.0,4481.0,1.0,5.0,4.0,1.0,1.0,3.0,4.0,44.0,3.0,2.0,1.0,3.0,2.0,2.0,2.0,0
843.0,1.0,7.0,5.0,2.0,3492.0,1.0,3.0,1.0,1.0,1.0,4.0,1.0,45.0,3.0,2.0,1.0,3.0,2.0,2.0,2.0,0
860.0,2.0,19.0,4.0,4.0,1320.0,1.0,3.0,4.0,4.0,1.0,2.0,3.0,35.0,3.0,2.0,1.0,3.0,2.0,1.0,2.0,0
849.0,4.0,16.0,2.0,7.0,4677.0,2.0,3.0,3.0,3.0,1.0,2.0,2.0,41.0,3.0,2.0,1.0,3.0,2.0,2.0,2.0,0
870.0,2.0,33.0,4.0,6.0,8056.0,1.0,3.0,2.0,3.0,1.0,2.0,2.0,51.0,3.0,2.0,1.0,3.0,2.0,1.0,2.0,0
804.0,1.0,27.0,3.0,3.0,997.0,1.0,2.0,4.0,4.0,1.0,4.0,1.0,54.0,3.0,2.0,1.0,3.0,2.0,1.0,2.0,0
942.0,2.0,42.0,2.0,0.0,8198.0,1.0,5.0,4.0,3.0,1.0,2.0,4.0,62.0,3.0,2.0,1.0,3.0,2.0,2.0,2.0,0
830.0,3.0,7.0,1.0,6.0,483.0,4.0,2.0,4.0,2.0,1.0,2.0,2.0,25.0,3.0,2.0,1.0,3.0,2.0,1.0,2.0,0
834.0,1.0,13.0,1.0,3.0,2264.0,1.0,3.0,4.0,1.0,1.0,1.0,4.0,30.0,3.0,2.0,1.0,3.0,2.0,1.0,2.0,0
700.0,4.0,25.0,2.0,3.0,2390.0,3.0,6.0,3.0,3.0,1.0,2.0,3.0,40.0,3.0,2.0,2.0,3.0,2.0,2.0,2.0,0
858.0,2.0,32.0,1.0,0.0,1048.0,2.0,2.0,1.0,2.0,1.0,1.0,2.0,32.0,3.0,2.0,1.0,3.0,2.0,1.0,2.0,0
795.0,2.0,15.0,3.0,5.0,1456.0,4.0,3.0,3.0,4.0,1.0,3.0,2.0,64.0,3.0,2.0,2.0,3.0,2.0,1.0,2.0,0
859.0,2.0,23.0,0.0,6.0,4495.0,1.0,3.0,1.0,3.0,1.0,4.0,2.0,34.0,3.0,2.0,3.0,3.0,2.0,2.0,2.0,0
770.0,2.0,25.0,4.0,2.0,4723.0,1.0,2.0,2.0,2.0,1.0,4.0,3.0,26.0,3.0,2.0,1.0,3.0,2.0,1.0,2.0,0
886.0,2.0,14.0,0.0,0.0,1789.0,1.0,2.0,2.0,2.0,1.0,1.0,1.0,28.0,3.0,2.0,2.0,3.0,2.0,1.0,2.0,0
857.0,3.0,17.0,2.0,3.0,2296.0,1.0,2.0,3.0,2.0,1.0,3.0,1.0,26.0,3.0,2.0,1.0,3.0,2.0,1.0,2.0,0
839.0,1.0,24.0,1.0,2.0,7834.0,1.0,2.0,2.0,1.0,1.0,1.0,2.0,59.0,3.0,2.0,1.0,3.0,2.0,2.0,2.0,0
786.0,1.0,13.0,2.0,6.0,823.0,1.0,2.0,4.0,2.0,1.0,4.0,2.0,54.0,3.0,2.0,1.0,3.0,2.0,1.0,2.0,0
844.0,3.0,33.0,3.0,7.0,2103.0,1.0,6.0,4.0,3.0,1.0,4.0,1.0,31.0,3.0,2.0,1.0,3.0,2.0,2.0,2.0,0
885.0,2.0,36.0,0.0,6.0,2020.0,1.0,4.0,4.0,3.0,1.0,4.0,5.0,70.0,3.0,2.0,1.0,3.0,2.0,2.0,2.0,0
757.0,3.0,19.0,2.0,2.0,2339.0,1.0,3.0,2.0,3.0,1.0,1.0,1.0,35.0,3.0,2.0,1.0,3.0,2.0,1.0,2.0,0
816.0,3.0,24.0,4.0,6.0,2487.0,1.0,2.0,2.0,1.0,1.0,1.0,3.0,35.0,3.0,2.0,1.0,3.0,2.0,1.0,2.0,0
812.0,1.0,26.0,2.0,0.0,966.0,5.0,5.0,4.0,2.0,1.0,2.0,3.0,31.0,3.0,2.0,1.0,3.0,2.0,1.0,2.0,0
821.0,3.0,25.0,2.0,0.0,1033.0,1.0,4.0,3.0,3.0,1.0,3.0,4.0,40.0,3.0,2.0,1.0,3.0,2.0,1.0,2.0,0
820.0,1.0,25.0,2.0,0.0,1386.0,5.0,3.0,4.0,2.0,1.0,2.0,2.0,36.0,3.0,2.0,1.0,3.0,2.0,1.0,2.0,0
788.0,1.0,25.0,2.0,0.0,1326.0,5.0,4.0,5.0,2.0,1.0,4.0,4.0,35.0,3.0,2.0,1.0,3.0,2.0,1.0,2.0,0
903.0,1.0,25.0,2.0,0.0,1354.0,5.0,3.0,4.0,2.0,1.0,4.0,1.0,28.0,3.0,2.0,1.0,3.0,2.0,1.0,2.0,0
850.0,2.0,18.0,2.0,0.0,1201.0,5.0,3.0,4.0,2.0,1.0,2.0,2.0,37.0,3.0,2.0,1.0,3.0,2.0,1.0,2.0,0
800.0,1.0,13.0,2.0,0.0,949.0,5.0,3.0,4.0,4.0,1.0,2.0,3.0,25.0,3.0,2.0,1.0,3.0,2.0,1.0,2.0,0
803.0,1.0,25.0,2.0,0.0,1216.0,1.0,2.0,4.0,2.0,1.0,4.0,2.0,24.0,3.0,2.0,1.0,3.0,2.0,1.0,2.0,0
858.0,2.0,18.0,0.0,0.0,2222.0,2.0,2.0,3.0,2.0,1.0,3.0,3.0,30.0,3.0,2.0,2.0,3.0,2.0,1.0,2.0,0
772.0,1.0,44.0,3.0,6.0,7113.0,1.0,6.0,3.0,3.0,1.0,4.0,4.0,71.0,3.0,2.0,2.0,3.0,2.0,2.0,2.0,0
827.0,4.0,25.0,2.0,2.0,3332.0,1.0,5.0,4.0,3.0,1.0,2.0,2.0,43.0,3.0,2.0,1.0,3.0,2.0,2.0,2.0,0
824.0,1.0,6.0,1.0,6.0,1286.0,1.0,6.0,4.0,2.0,1.0,4.0,4.0,37.0,3.0,2.0,1.0,3.0,2.0,1.0,2.0,0
838.0,2.0,43.0,2.0,6.0,8396.0,1.0,3.0,2.0,3.0,1.0,2.0,3.0,25.0,3.0,2.0,2.0,3.0,2.0,2.0,2.0,0
849.0,1.0,45.0,2.0,6.0,7347.0,1.0,5.0,4.0,3.0,1.0,5.0,4.0,39.0,3.0,2.0,1.0,3.0,2.0,1.0,2.0,0
863.0,4.0,19.0,2.0,5.0,2052.0,1.0,2.0,4.0,2.0,1.0,4.0,1.0,71.0,3.0,2.0,1.0,3.0,2.0,1.0,2.0,0
884.0,1.0,18.0,2.0,3.0,3196.0,1.0,3.0,2.0,2.0,1.0,2.0,1.0,24.0,3.0,2.0,1.0,3.0,2.0,1.0,2.0,0
802.0,2.0,10.0,1.0,1.0,5065.0,1.0,5.0,2.0,2.0,1.0,4.0,4.0,66.0,3.0,2.0,1.0,3.0,2.0,2.0,2.0,0
865.0,4.0,19.0,3.0,2.0,2044.0,1.0,4.0,3.0,2.0,1.0,1.0,1.0,25.0,3.0,2.0,1.0,3.0,2.0,1.0,2.0,0
801.0,3.0,10.0,2.0,0.0,1360.0,2.0,5.0,1.0,2.0,1.0,4.0,4.0,48.0,3.0,2.0,3.0,3.0,2.0,1.0,2.0,0
837.0,1.0,12.0,2.0,0.0,776.0,1.0,4.0,4.0,3.0,1.0,2.0,1.0,25.0,4.0,2.0,1.0,3.0,2.0,1.0,2.0,0
841.0,2.0,9.0,2.0,2.0,1286.0,1.0,3.0,3.0,2.0,1.0,4.0,1.0,25.0,3.0,2.0,1.0,3.0,2.0,1.0,2.0,1
823.0,4.0,9.0,2.0,2.0,2071.0,1.0,2.0,4.0,2.0,1.0,2.0,3.0,19.0,3.0,2.0,2.0,3.0,2.0,1.0,2.0,0
947.0,2.0,42.0,2.0,3.0,7699.0,4.0,4.0,1.0,3.0,1.0,2.0,4.0,30.0,3.0,2.0,2.0,3.0,2.0,2.0,2.0,0
889.0,1.0,42.0,3.0,6.0,7481.0,1.0,3.0,4.0,3.0,1.0,3.0,2.0,28.0,3.0,2.0,1.0,3.0,2.0,2.0,2.0,0
864.0,1.0,26.0,2.0,3.0,2041.0,1.0,2.0,4.0,1.0,1.0,3.0,2.0,33.0,3.0,2.0,1.0,3.0,2.0,1.0,2.0,0
938.0,1.0,22.0,2.0,3.0,2045.0,1.0,3.0,3.0,2.0,1.0,2.0,1.0,26.0,3.0,2.0,2.0,3.0,2.0,2.0,2.0,0
787.0,1.0,25.0,3.0,3.0,1706.0,1.0,2.0,4.0,2.0,1.0,2.0,3.0,33.0,3.0,2.0,1.0,3.0,2.0,2.0,2.0,0
859.0,2.0,7.0,3.0,0.0,1343.0,1.0,1.0,4.0,3.0,1.0,4.0,2.0,50.0,3.0,2.0,1.0,3.0,2.0,2.0,2.0,0
897.0,2.0,44.0,0.0,7.0,3949.0,2.0,4.0,4.0,3.0,1.0,4.0,4.0,33.0,3.0,2.0,1.0,3.0,2.0,1.0,2.0,0
817.0,1.0,14.0,4.0,0.0,5459.0,1.0,5.0,3.0,3.0,1.0,4.0,2.0,47.0,3.0,2.0,2.0,3.0,2.0,2.0,2.0,0
878.0,2.0,14.0,2.0,5.0,642.0,1.0,3.0,4.0,3.0,1.0,2.0,3.0,33.0,3.0,2.0,1.0,3.0,2.0,1.0,2.0,0
891.0,2.0,44.0,2.0,3.0,6353.0,1.0,3.0,2.0,2.0,1.0,2.0,1.0,22.0,3.0,2.0,1.0,3.0,2.0,1.0,2.0,0
849.0,2.0,37.0,0.0,4.0,3745.0,1.0,3.0,4.0,2.0,1.0,1.0,3.0,44.0,3.0,2.0,1.0,3.0,2.0,2.0,2.0,0
889.0,4.0,37.0,3.0,3.0,4358.0,1.0,3.0,4.0,3.0,1.0,2.0,3.0,26.0,3.0,2.0,2.0,3.0,2.0,2.0,2.0,0
926.0,4.0,29.0,3.0,6.0,8077.0,5.0,2.0,4.0,3.0,1.0,4.0,3.0,28.0,3.0,2.0,2.0,3.0,2.0,2.0,2.0,0
895.0,3.0,39.0,2.0,3.0,4448.0,1.0,3.0,4.0,3.0,1.0,2.0,4.0,27.0,3.0,2.0,1.0,3.0,2.0,1.0,2.0,0
871.0,4.0,6.0,2.0,2.0,4561.0,1.0,2.0,1.0,2.0,1.0,4.0,2.0,35.0,3.0,2.0,1.0,3.0,2.0,1.0,2.0,0
787.0,2.0,24.0,2.0,1.0,8719.0,1.0,3.0,1.0,2.0,1.0,4.0,3.0,24.0,3.0,2.0,2.0,3.0,2.0,1.0,2.0,0
906.0,5.0,20.0,0.0,6.0,4361.0,1.0,3.0,2.0,3.0,1.0,2.0,3.0,34.0,3.0,2.0,2.0,3.0,2.0,1.0,2.0,0
949.0,2.0,26.0,2.0,2.0,4038.0,1.0,4.0,3.0,1.0,1.0,3.0,3.0,46.0,3.0,2.0,1.0,3.0,2.0,2.0,2.0,0
933.0,4.0,18.0,1.0,0.0,6696.0,1.0,5.0,2.0,3.0,1.0,4.0,4.0,44.0,3.0,2.0,2.0,3.0,2.0,2.0,2.0,0
856.0,4.0,13.0,2.0,0.0,1408.0,3.0,3.0,2.0,2.0,1.0,2.0,2.0,26.0,3.0,2.0,1.0,3.0,2.0,1.0,2.0,0
938.0,1.0,36.0,2.0,6.0,2049.0,5.0,5.0,4.0,3.0,1.0,4.0,4.0,42.0,3.0,2.0,1.0,3.0,2.0,2.0,2.0,0
927.0,2.0,19.0,4.0,2.0,2018.0,1.0,2.0,4.0,3.0,1.0,2.0,1.0,34.0,3.0,2.0,2.0,3.0,2.0,1.0,2.0,0
897.0,4.0,12.0,2.0,2.0,1603.0,3.0,3.0,4.0,2.0,1.0,4.0,3.0,29.0,3.0,2.0,1.0,3.0,2.0,1.0,2.0,0
875.0,2.0,23.0,2.0,6.0,8317.0,1.0,3.0,2.0,3.0,1.0,3.0,3.0,28.0,3.0,2.0,2.0,3.0,2.0,2.0,2.0,0
869.0,2.0,24.0,4.0,6.0,8131.0,1.0,3.0,2.0,3.0,1.0,3.0,3.0,67.0,3.0,2.0,2.0,3.0,2.0,2.0,2.0,0
775.0,2.0,28.0,4.0,3.0,2628.0,3.0,3.0,4.0,3.0,1.0,2.0,2.0,24.0,3.0,2.0,2.0,3.0,2.0,1.0,2.0,0
929.0,2.0,28.0,3.0,3.0,1911.0,6.0,2.0,4.0,3.0,1.0,3.0,4.0,34.0,3.0,2.0,2.0,3.0,2.0,1.0,2.0,0
867.0,2.0,42.0,4.0,7.0,8094.0,2.0,5.0,3.0,2.0,1.0,4.0,4.0,61.0,3.0,2.0,2.0,3.0,2.0,2.0,2.0,0
879.0,2.0,39.0,2.0,3.0,2815.0,2.0,3.0,4.0,2.0,1.0,4.0,4.0,52.0,3.0,2.0,1.0,3.0,2.0,2.0,2.0,0
923.0,2.0,40.0,2.0,6.0,8214.0,1.0,3.0,1.0,3.0,1.0,4.0,4.0,48.0,3.0,2.0,1.0,3.0,2.0,2.0,2.0,0
958.0,2.0,46.0,2.0,3.0,3126.0,2.0,5.0,4.0,3.0,1.0,4.0,2.0,21.0,3.0,2.0,1.0,3.0,2.0,1.0,2.0,0
895.0,1.0,13.0,1.0,3.0,603.0,1.0,3.0,4.0,2.0,1.0,4.0,1.0,26.0,3.0,2.0,1.0,3.0,2.0,1.0,2.0,0
926.0,2.0,24.0,4.0,6.0,2306.0,1.0,5.0,4.0,1.0,1.0,4.0,1.0,33.0,3.0,2.0,2.0,3.0,2.0,2.0,2.0,0
860.0,3.0,25.0,4.0,0.0,1277.0,6.0,4.0,4.0,3.0,1.0,4.0,1.0,38.0,3.0,2.0,2.0,3.0,2.0,1.0,2.0,0
936.0,4.0,19.0,2.0,2.0,1543.0,1.0,2.0,4.0,4.0,1.0,1.0,2.0,46.0,3.0,2.0,1.0,3.0,2.0,1.0,2.0,0
892.0,1.0,44.0,2.0,0.0,4180.0,1.0,4.0,4.0,3.0,1.0,4.0,4.0,46.0,3.0,2.0,1.0,3.0,2.0,1.0,2.0,0
913.0,1.0,26.0,1.0,2.0,3455.0,3.0,2.0,4.0,3.0,1.0,4.0,4.0,33.0,3.0,2.0,1.0,3.0,2.0,2.0,2.0,0
842.0,1.0,35.0,2.0,3.0,2468.0,1.0,3.0,4.0,1.0,1.0,4.0,3.0,34.0,3.0,2.0,3.0,3.0,2.0,1.0,2.0,0
896.0,1.0,46.0,2.0,3.0,4185.0,1.0,3.0,4.0,3.0,1.0,3.0,3.0,35.0,3.0,2.0,1.0,3.0,2.0,1.0,2.0,0
872.0,1.0,13.0,2.0,3.0,778.0,2.0,2.0,4.0,4.0,1.0,3.0,4.0,33.0,3.0,2.0,1.0,3.0,2.0,2.0,2.0,0
919.0,4.0,43.0,2.0,7.0,4058.0,5.0,3.0,4.0,1.0,1.0,2.0,1.0,43.0,3.0,2.0,1.0,3.0,2.0,1.0,2.0,0
935.0,1.0,43.0,2.0,6.0,4557.0,1.0,2.0,3.0,2.0,1.0,4.0,2.0,28.0,3.0,2.0,1.0,3.0,2.0,1.0,2.0,0
924.0,2.0,13.0,2.0,3.0,1721.0,1.0,2.0,1.0,4.0,1.0,1.0,1.0,24.0,3.0,2.0,1.0,3.0,2.0,1.0,2.0,0
925.0,4.0,20.0,4.0,0.0,3238.0,1.0,4.0,2.0,3.0,1.0,2.0,2.0,32.0,3.0,2.0,2.0,3.0,2.0,1.0,2.0,0
936.0,1.0,44.0,4.0,6.0,7006.0,1.0,3.0,4.0,3.0,1.0,3.0,5.0,31.0,3.0,2.0,1.0,3.0,2.0,2.0,2.0,0
881.0,3.0,16.0,4.0,3.0,1278.0,5.0,3.0,3.0,3.0,1.0,4.0,4.0,39.0,3.0,2.0,2.0,3.0,2.0,2.0,2.0,0
915.0,2.0,14.0,2.0,3.0,1341.0,1.0,2.0,3.0,2.0,1.0,1.0,3.0,25.0,3.0,2.0,1.0,3.0,2.0,1.0,2.0,0
808.0,2.0,38.0,2.0,1.0,8032.0,1.0,2.0,1.0,4.0,1.0,4.0,3.0,28.0,3.0,2.0,1.0,3.0,2.0,2.0,2.0,0
897.0,2.0,13.0,2.0,2.0,993.0,2.0,2.0,4.0,2.0,1.0,5.0,4.0,28.0,3.0,2.0,3.0,3.0,2.0,1.0,2.0,0
867.0,2.0,25.0,2.0,0.0,1327.0,1.0,2.0,3.0,2.0,1.0,4.0,3.0,25.0,3.0,2.0,1.0,3.0,2.0,2.0,2.0,0
962.0,1.0,43.0,2.0,4.0,3058.0,1.0,3.0,3.0,3.0,1.0,4.0,3.0,51.0,3.0,2.0,1.0,3.0,2.0,1.0,2.0,0
924.0,4.0,38.0,4.0,0.0,8288.0,5.0,3.0,4.0,2.0,1.0,2.0,1.0,27.0,3.0,2.0,2.0,3.0,2.0,2.0,2.0,0
908.0,4.0,20.0,3.0,3.0,1854.0,1.0,1.0,3.0,2.0,1.0,5.0,1.0,22.0,3.0,2.0,1.0,3.0,2.0,1.0,2.0,0
915.0,4.0,36.0,3.0,6.0,8894.0,1.0,2.0,1.0,1.0,1.0,1.0,3.0,30.0,4.0,2.0,2.0,3.0,2.0,1.0,2.0,0
929.0,2.0,23.0,1.0,6.0,1924.0,1.0,5.0,4.0,2.0,1.0,4.0,4.0,36.0,3.0,2.0,1.0,3.0,2.0,1.0,2.0,0
941.0,2.0,31.0,4.0,0.0,4484.0,1.0,1.0,4.0,4.0,1.0,2.0,3.0,30.0,3.0,2.0,2.0,3.0,2.0,1.0,2.0,0
878.0,2.0,29.0,4.0,0.0,5614.0,1.0,1.0,4.0,4.0,1.0,2.0,3.0,27.0,3.0,2.0,2.0,3.0,2.0,1.0,2.0,0
960.0,1.0,43.0,2.0,3.0,6633.0,1.0,3.0,3.0,2.0,1.0,2.0,3.0,32.0,3.0,2.0,1.0,3.0,2.0,2.0,2.0,0
845.0,1.0,9.0,2.0,3.0,1397.0,1.0,2.0,3.0,2.0,1.0,4.0,2.0,21.0,3.0,2.0,1.0,3.0,2.0,1.0,2.0,0
882.0,1.0,25.0,1.0,6.0,1434.0,5.0,6.0,4.0,3.0,1.0,3.0,3.0,41.0,3.0,2.0,1.0,3.0,2.0,2.0,2.0,0
998.0,1.0,19.0,2.0,2.0,2636.0,1.0,1.0,4.0,3.0,1.0,1.0,3.0,22.0,3.0,2.0,1.0,3.0,2.0,1.0,2.0,0
946.0,3.0,10.0,0.0,3.0,1415.0,1.0,2.0,4.0,3.0,1.0,2.0,3.0,36.0,3.0,2.0,2.0,3.0,2.0,2.0,2.0,0
903.0,1.0,46.0,2.0,0.0,7744.0,1.0,5.0,4.0,3.0,1.0,4.0,4.0,43.0,3.0,2.0,1.0,3.0,2.0,1.0,2.0,0
850.0,2.0,17.0,1.0,0.0,1287.0,2.0,3.0,2.0,5.0,1.0,2.0,2.0,27.0,3.0,2.0,1.0,3.0,2.0,1.0,2.0,0
938.0,2.0,16.0,2.0,0.0,2802.0,2.0,3.0,2.0,2.0,1.0,4.0,3.0,28.0,3.0,2.0,2.0,3.0,2.0,2.0,2.0,0
930.0,2.0,44.0,2.0,0.0,7259.0,2.0,4.0,3.0,3.0,1.0,2.0,5.0,26.0,3.0,2.0,1.0,3.0,2.0,1.0,2.0,0
873.0,1.0,25.0,2.0,0.0,3789.0,1.0,2.0,4.0,2.0,1.0,1.0,2.0,27.0,3.0,2.0,1.0,3.0,2.0,1.0,2.0,0
987.0,1.0,38.0,4.0,6.0,8980.0,1.0,3.0,3.0,2.0,1.0,2.0,4.0,26.0,3.0,2.0,2.0,3.0,2.0,2.0,2.0,0
880.0,1.0,25.0,2.0,3.0,2547.0,1.0,2.0,5.0,2.0,1.0,4.0,1.0,38.0,3.0,2.0,1.0,3.0,2.0,2.0,2.0,0
926.0,2.0,37.0,2.0,2.0,7762.0,2.0,2.0,5.0,3.0,1.0,1.0,4.0,30.0,3.0,2.0,1.0,3.0,2.0,2.0,2.0,0
940.0,2.0,43.0,2.0,0.0,8169.0,1.0,4.0,4.0,3.0,1.0,2.0,4.0,29.0,3.0,2.0,1.0,3.0,2.0,2.0,2.0,0
967.0,1.0,38.0,4.0,1.0,8198.0,1.0,5.0,5.0,3.0,1.0,4.0,3.0,25.0,3.0,2.0,2.0,3.0,2.0,2.0,2.0,0
857.0,2.0,13.0,2.0,3.0,1627.0,5.0,3.0,2.0,4.0,1.0,1.0,1.0,27.0,3.0,2.0,1.0,3.0,2.0,2.0,2.0,0
981.0,1.0,19.0,2.0,2.0,1227.0,1.0,1.0,4.0,2.0,1.0,2.0,3.0,34.0,3.0,2.0,1.0,3.0,2.0,1.0,2.0,0
982.0,2.0,26.0,3.0,2.0,2195.0,1.0,1.0,3.0,2.0,1.0,2.0,2.0,38.0,3.0,2.0,1.0,3.0,2.0,2.0,2.0,0
970.0,2.0,20.0,2.0,1.0,7733.0,1.0,1.0,3.0,2.0,1.0,4.0,4.0,38.0,3.0,2.0,1.0,3.0,2.0,2.0,2.0,0
976.0,4.0,24.0,3.0,6.0,2797.0,3.0,2.0,4.0,3.0,1.0,2.0,1.0,46.0,3.0,2.0,1.0,3.0,2.0,1.0,2.0,0
935.0,4.0,29.0,2.0,0.0,2546.0,1.0,3.0,3.0,2.0,1.0,3.0,1.0,20.0,3.0,2.0,1.0,3.0,2.0,1.0,2.0,0
895.0,2.0,27.0,2.0,6.0,3954.0,1.0,3.0,4.0,3.0,1.0,2.0,3.0,38.0,3.0,2.0,1.0,3.0,2.0,2.0,2.0,0
953.0,4.0,10.0,2.0,0.0,1466.0,5.0,3.0,4.0,3.0,1.0,4.0,2.0,29.0,3.0,2.0,3.0,3.0,2.0,1.0,2.0,0
909.0,1.0,26.0,2.0,0.0,4549.0,1.0,4.0,2.0,3.0,1.0,3.0,2.0,33.0,3.0,2.0,1.0,3.0,2.0,2.0,2.0,0
927.0,1.0,13.0,2.0,0.0,3009.0,1.0,2.0,4.0,3.0,1.0,1.0,1.0,33.0,3.0,2.0,1.0,3.0,2.0,1.0,2.0,0
971.0,2.0,40.0,3.0,0.0,2410.0,1.0,5.0,4.0,3.0,1.0,4.0,4.0,62.0,3.0,2.0,2.0,3.0,2.0,2.0,2.0,0
950.0,1.0,18.0,2.0,2.0,4089.0,1.0,3.0,2.0,3.0,1.0,3.0,3.0,45.0,3.0,2.0,1.0,3.0,2.0,1.0,2.0,0
926.0,1.0,19.0,0.0,2.0,3286.0,1.0,2.0,1.0,2.0,1.0,4.0,2.0,27.0,3.0,2.0,1.0,3.0,2.0,1.0,2.0,0
859.0,1.0,19.0,4.0,2.0,2140.0,1.0,3.0,4.0,2.0,1.0,4.0,1.0,26.0,3.0,2.0,2.0,3.0,2.0,1.0,2.0,0
982.0,1.0,19.0,1.0,2.0,1689.0,5.0,3.0,4.0,3.0,1.0,3.0,3.0,50.0,3.0,2.0,1.0,3.0,2.0,1.0,2.0,0
974.0,1.0,30.0,2.0,2.0,2524.0,1.0,4.0,4.0,2.0,1.0,4.0,1.0,24.0,3.0,2.0,1.0,3.0,2.0,2.0,2.0,0
910.0,1.0,24.0,3.0,0.0,1497.0,1.0,1.0,4.0,3.0,1.0,2.0,1.0,46.0,3.0,2.0,2.0,3.0,2.0,1.0,2.0,0
896.0,1.0,45.0,0.0,2.0,7130.0,1.0,3.0,3.0,3.0,1.0,4.0,4.0,55.0,3.0,2.0,2.0,3.0,2.0,1.0,2.0,0
1025.0,1.0,25.0,3.0,3.0,4954.0,1.0,3.0,3.0,3.0,1.0,4.0,4.0,56.0,3.0,2.0,2.0,3.0,2.0,1.0,2.0,0
876.0,1.0,13.0,4.0,0.0,744.0,1.0,5.0,4.0,3.0,1.0,3.0,2.0,40.0,3.0,2.0,3.0,3.0,2.0,1.0,2.0,0
992.0,1.0,42.0,3.0,3.0,4806.0,1.0,4.0,3.0,3.0,1.0,2.0,2.0,27.0,3.0,2.0,2.0,3.0,2.0,2.0,2.0,0
926.0,1.0,34.0,1.0,2.0,2890.0,1.0,6.0,4.0,3.0,1.0,4.0,3.0,35.0,3.0,2.0,1.0,3.0,2.0,1.0,2.0,0
959.0,1.0,23.0,0.0,2.0,3863.0,1.0,5.0,3.0,3.0,1.0,4.0,1.0,22.0,3.0,2.0,2.0,3.0,2.0,1.0,2.0,0
904.0,3.0,19.0,2.0,2.0,2576.0,1.0,3.0,2.0,3.0,1.0,2.0,3.0,23.0,3.0,2.0,1.0,3.0,2.0,1.0,2.0,0
998.0,1.0,14.0,2.0,2.0,1390.0,1.0,2.0,2.0,2.0,1.0,5.0,3.0,22.0,3.0,2.0,1.0,3.0,2.0,1.0,2.0,0
934.0,2.0,13.0,0.0,2.0,3018.0,1.0,2.0,4.0,2.0,1.0,3.0,2.0,30.0,3.0,2.0,2.0,3.0,2.0,1.0,2.0,0
1023.0,1.0,46.0,0.0,1.0,4691.0,1.0,5.0,3.0,3.0,1.0,4.0,4.0,25.0,3.0,2.0,2.0,3.0,2.0,1.0,2.0,0
948.0,1.0,42.0,4.0,1.0,7486.0,1.0,5.0,4.0,3.0,1.0,4.0,5.0,48.0,3.0,2.0,2.0,3.0,2.0,2.0,2.0,0
1026.0,1.0,25.0,2.0,2.0,3964.0,1.0,4.0,3.0,3.0,1.0,4.0,3.0,28.0,3.0,2.0,1.0,3.0,2.0,1.0,2.0,0
1048.0,1.0,12.0,1.0,0.0,766.0,1.0,2.0,4.0,3.0,1.0,2.0,3.0,45.0,3.0,2.0,2.0,3.0,2.0,2.0,2.0,0
1004.0,1.0,25.0,2.0,0.0,1639.0,1.0,4.0,4.0,2.0,1.0,4.0,3.0,23.0,3.0,2.0,2.0,3.0,2.0,1.0,2.0,0
946.0,1.0,27.0,0.0,6.0,5857.0,1.0,1.0,2.0,3.0,1.0,4.0,2.0,49.0,3.0,2.0,2.0,3.0,2.0,2.0,2.0,0
975.0,1.0,22.0,3.0,6.0,3759.0,1.0,2.0,2.0,3.0,1.0,1.0,2.0,27.0,3.0,2.0,2.0,3.0,2.0,1.0,2.0,0
953.0,1.0,21.0,2.0,2.0,2041.0,1.0,3.0,1.0,2.0,1.0,4.0,1.0,21.0,3.0,2.0,1.0,3.0,2.0,1.0,2.0,0
944.0,1.0,25.0,1.0,6.0,3221.0,1.0,3.0,5.0,3.0,1.0,2.0,2.0,33.0,3.0,2.0,1.0,3.0,2.0,2.0,2.0,0
926.0,1.0,12.0,2.0,6.0,858.0,1.0,4.0,4.0,4.0,1.0,4.0,2.0,23.0,3.0,2.0,1.0,3.0,2.0,1.0,2.0,0
908.0,1.0,44.0,2.0,1.0,8678.0,1.0,4.0,4.0,3.0,1.0,4.0,4.0,40.0,3.0,2.0,3.0,3.0,2.0,2.0,2.0,0
991.0,2.0,45.0,0.0,7.0,7730.0,1.0,3.0,2.0,3.0,1.0,2.0,3.0,25.0,3.0,2.0,1.0,3.0,2.0,2.0,2.0,0
938.0,2.0,20.0,4.0,0.0,1019.0,1.0,5.0,3.0,3.0,1.0,3.0,1.0,31.0,3.0,2.0,2.0,3.0,2.0,1.0,2.0,0
991.0,1.0,14.0,2.0,0.0,1287.0,1.0,2.0,3.0,2.0,1.0,1.0,1.0,41.0,3.0,2.0,1.0,3.0,2.0,1.0,2.0,0
1048.0,2.0,13.0,2.0,0.0,1313.0,1.0,5.0,1.0,1.0,1.0,1.0,1.0,51.0,3.0,2.0,2.0,3.0,2.0,1.0,2.0,0
966.0,1.0,13.0,2.0,0.0,1452.0,1.0,4.0,2.0,1.0,1.0,3.0,3.0,38.0,3.0,2.0,1.0,3.0,2.0,1.0,2.0,0
968.0,1.0,19.0,4.0,0.0,2740.0,1.0,5.0,2.0,3.0,1.0,4.0,2.0,47.0,3.0,2.0,1.0,3.0,2.0,2.0,2.0,0
960.0,1.0,21.0,4.0,0.0,2581.0,1.0,3.0,4.0,4.0,1.0,2.0,2.0,34.0,3.0,2.0,2.0,3.0,2.0,1.0,2.0,0
951.0,2.0,9.0,2.0,2.0,1015.0,1.0,3.0,1.0,2.0,1.0,2.0,3.0,32.0,3.0,2.0,1.0,3.0,2.0,1.0,2.0,0
932.0,2.0,19.0,4.0,0.0,952.0,1.0,6.0,4.0,3.0,1.0,4.0,3.0,36.0,3.0,2.0,1.0,3.0,2.0,2.0,2.0,0
1008.0,2.0,25.0,2.0,0.0,1170.0,1.0,2.0,4.0,3.0,1.0,2.0,1.0,24.0,3.0,2.0,1.0,3.0,2.0,1.0,2.0,0
1044.0,2.0,34.0,3.0,0.0,8559.0,5.0,5.0,2.0,3.0,1.0,4.0,3.0,45.0,3.0,2.0,3.0,3.0,2.0,2.0,2.0,0
1084.0,4.0,43.0,4.0,0.0,8307.0,3.0,3.0,2.0,2.0,1.0,2.0,4.0,46.0,3.0,2.0,1.0,3.0,2.0,1.0,2.0,0
899.0,2.0,14.0,2.0,0.0,886.0,1.0,5.0,4.0,3.0,1.0,4.0,3.0,44.0,3.0,2.0,1.0,3.0,2.0,1.0,2.0,0
916.0,4.0,13.0,2.0,6.0,737.0,1.0,5.0,4.0,3.0,1.0,4.0,3.0,44.0,3.0,2.0,1.0,3.0,2.0,1.0,2.0,0
977.0,2.0,38.0,2.0,0.0,8922.0,5.0,3.0,1.0,3.0,1.0,4.0,4.0,37.0,3.0,2.0,1.0,3.0,2.0,2.0,2.0,0
943.0,1.0,13.0,4.0,3.0,746.0,1.0,5.0,4.0,3.0,1.0,4.0,1.0,59.0,3.0,2.0,1.0,3.0,2.0,1.0,2.0,0
979.0,2.0,17.0,1.0,0.0,6898.0,2.0,1.0,1.0,3.0,1.0,2.0,2.0,35.0,3.0,2.0,3.0,3.0,2.0,2.0,2.0,0
1044.0,4.0,11.0,2.0,2.0,2403.0,1.0,3.0,2.0,3.0,1.0,2.0,1.0,26.0,3.0,2.0,1.0,3.0,2.0,1.0,2.0,0
953.0,4.0,31.0,1.0,1.0,6938.0,5.0,1.0,4.0,2.0,1.0,1.0,1.0,56.0,3.0,2.0,1.0,3.0,2.0,2.0,2.0,0
1017.0,1.0,19.0,1.0,0.0,1600.0,1.0,5.0,4.0,3.0,1.0,4.0,4.0,34.0,3.0,2.0,2.0,3.0,2.0,1.0,2.0,0
1006.0,4.0,13.0,4.0,3.0,880.0,5.0,5.0,4.0,2.0,1.0,3.0,2.0,33.0,3.0,2.0,1.0,3.0,2.0,1.0,2.0,0
977.0,2.0,44.0,4.0,3.0,4941.0,1.0,2.0,4.0,3.0,1.0,2.0,2.0,27.0,3.0,2.0,2.0,3.0,2.0,1.0,2.0,0
1074.0,3.0,13.0,4.0,0.0,968.0,2.0,4.0,4.0,4.0,1.0,2.0,1.0,30.0,3.0,2.0,3.0,3.0,2.0,2.0,2.0,1
946.0,2.0,22.0,2.0,6.0,1270.0,1.0,5.0,2.0,2.0,1.0,4.0,2.0,41.0,3.0,2.0,1.0,3.0,2.0,1.0,2.0,0
1083.0,4.0,39.0,4.0,1.0,8214.0,2.0,3.0,2.0,2.0,1.0,4.0,3.0,24.0,3.0,2.0,2.0,3.0,2.0,1.0,2.0,0
1065.0,3.0,13.0,1.0,6.0,671.0,1.0,2.0,4.0,2.0,1.0,1.0,1.0,28.0,3.0,2.0,1.0,3.0,2.0,1.0,2.0,0
1039.0,1.0,18.0,4.0,5.0,1295.0,1.0,1.0,2.0,2.0,1.0,4.0,4.0,59.0,3.0,2.0,3.0,3.0,2.0,1.0,2.0,0
993.0,2.0,22.0,2.0,6.0,2949.0,2.0,5.0,4.0,1.0,1.0,2.0,3.0,64.0,3.0,2.0,2.0,3.0,2.0,1.0,2.0,0
1002.0,2.0,33.0,2.0,2.0,3845.0,2.0,3.0,2.0,2.0,1.0,4.0,3.0,23.0,3.0,2.0,1.0,3.0,2.0,1.0,2.0,0
1001.0,2.0,31.0,0.0,6.0,4303.0,2.0,3.0,4.0,2.0,1.0,4.0,3.0,27.0,3.0,2.0,2.0,3.0,2.0,1.0,2.0,0
1066.0,2.0,23.0,2.0,3.0,3148.0,2.0,2.0,3.0,4.0,1.0,2.0,2.0,25.0,3.0,2.0,1.0,3.0,2.0,2.0,2.0,0
951.0,4.0,18.0,2.0,0.0,6921.0,5.0,3.0,2.0,3.0,1.0,4.0,3.0,69.0,3.0,2.0,2.0,3.0,2.0,1.0,2.0,0
1027.0,2.0,12.0,2.0,3.0,1304.0,1.0,2.0,2.0,3.0,1.0,1.0,3.0,24.0,3.0,2.0,1.0,3.0,2.0,1.0,2.0,0
1047.0,2.0,43.0,0.0,7.0,8192.0,1.0,2.0,3.0,3.0,1.0,4.0,4.0,62.0,3.0,2.0,1.0,3.0,2.0,2.0,2.0,0
1103.0,1.0,26.0,2.0,2.0,3407.0,1.0,2.0,4.0,2.0,1.0,5.0,1.0,23.0,3.0,2.0,1.0,3.0,2.0,2.0,2.0,0
1024.0,2.0,15.0,2.0,3.0,830.0,1.0,5.0,4.0,3.0,1.0,3.0,3.0,38.0,3.0,2.0,1.0,3.0,2.0,1.0,2.0,0
1008.0,2.0,44.0,2.0,2.0,8525.0,1.0,2.0,1.0,2.0,1.0,2.0,3.0,27.0,3.0,2.0,1.0,3.0,2.0,2.0,2.0,0
997.0,4.0,25.0,3.0,6.0,7861.0,1.0,2.0,2.0,3.0,1.0,2.0,3.0,28.0,3.0,2.0,2.0,3.0,2.0,2.0,2.0,0
980.0,1.0,18.0,2.0,4.0,1506.0,5.0,3.0,4.0,4.0,1.0,4.0,1.0,27.0,3.0,2.0,1.0,3.0,2.0,1.0,2.0,0
1020.0,1.0,44.0,2.0,3.0,1928.0,1.0,3.0,4.0,3.0,1.0,4.0,4.0,25.0,3.0,2.0,1.0,3.0,2.0,2.0,2.0,0
978.0,1.0,22.0,1.0,0.0,1596.0,6.0,3.0,4.0,3.0,1.0,2.0,2.0,42.0,3.0,2.0,2.0,3.0,2.0,1.0,2.0,0
1038.0,4.0,44.0,2.0,6.0,5331.0,1.0,1.0,3.0,3.0,1.0,2.0,3.0,33.0,3.0,2.0,1.0,3.0,2.0,2.0,2.0,0
1000.0,2.0,29.0,0.0,7.0,8243.0,1.0,5.0,2.0,2.0,1.0,4.0,4.0,45.0,3.0,2.0,2.0,3.0,2.0,2.0,2.0,0
1028.0,3.0,20.0,2.0,3.0,2237.0,1.0,3.0,4.0,3.0,1.0,2.0,1.0,38.0,3.0,2.0,1.0,3.0,2.0,1.0,2.0,0
1010.0,1.0,45.0,0.0,6.0,8465.0,1.0,5.0,2.0,3.0,1.0,4.0,3.0,30.0,3.0,2.0,2.0,3.0,2.0,1.0,2.0,0
1054.0,1.0,6.0,2.0,6.0,502.0,1.0,2.0,4.0,2.0,1.0,4.0,2.0,23.0,3.0,2.0,1.0,3.0,2.0,1.0,2.0,0
975.0,1.0,30.0,2.0,5.0,8163.0,1.0,2.0,1.0,1.0,1.0,1.0,4.0,36.0,3.0,2.0,1.0,3.0,2.0,2.0,2.0,0
987.0,2.0,46.0,0.0,7.0,7804.0,1.0,3.0,1.0,2.0,1.0,2.0,2.0,30.0,3.0,2.0,1.0,3.0,2.0,2.0,2.0,0
1038.0,1.0,6.0,2.0,0.0,7887.0,1.0,5.0,1.0,3.0,1.0,4.0,4.0,72.0,3.0,2.0,1.0,3.0,2.0,2.0,2.0,0
1006.0,2.0,12.0,2.0,2.0,2862.0,5.0,5.0,1.0,2.0,1.0,4.0,2.0,27.0,3.0,2.0,1.0,3.0,2.0,2.0,2.0,0
1017.0,1.0,12.0,4.0,1.0,3500.0,1.0,5.0,3.0,3.0,1.0,5.0,4.0,39.0,3.0,2.0,1.0,3.0,2.0,2.0,2.0,0
960.0,2.0,24.0,2.0,3.0,2102.0,1.0,2.0,1.0,4.0,1.0,1.0,2.0,23.0,3.0,2.0,1.0,3.0,2.0,2.0,2.0,0
963.0,4.0,17.0,3.0,6.0,2149.0,1.0,3.0,4.0,5.0,1.0,4.0,3.0,30.0,3.0,2.0,1.0,3.0,2.0,2.0,2.0,0
1064.0,2.0,44.0,4.0,2.0,5258.0,1.0,3.0,2.0,2.0,1.0,3.0,3.0,33.0,3.0,2.0,1.0,3.0,2.0,2.0,2.0,0
1079.0,1.0,20.0,2.0,3.0,2012.0,1.0,4.0,4.0,2.0,1.0,4.0,3.0,25.0,3.0,2.0,2.0,3.0,2.0,1.0,2.0,0
992.0,1.0,45.0,2.0,3.0,7169.0,1.0,5.0,1.0,4.0,1.0,1.0,1.0,38.0,3.0,2.0,2.0,3.0,2.0,2.0,2.0,0
1028.0,4.0,13.0,4.0,6.0,2456.0,1.0,1.0,4.0,3.0,1.0,2.0,3.0,44.0,3.0,2.0,2.0,3.0,2.0,2.0,2.0,0
1063.0,1.0,15.0,4.0,0.0,8929.0,1.0,6.0,1.0,1.0,1.0,4.0,2.0,45.0,3.0,2.0,1.0,3.0,2.0,2.0,2.0,0
1037.0,1.0,13.0,2.0,3.0,687.0,2.0,4.0,4.0,4.0,1.0,1.0,2.0,20.0,3.0,2.0,1.0,3.0,2.0,1.0,2.0,0
1069.0,1.0,20.0,2.0,0.0,1048.0,1.0,2.0,1.0,2.0,1.0,2.0,3.0,23.0,3.0,2.0,1.0,3.0,2.0,1.0,2.0,0
1014.0,2.0,24.0,2.0,0.0,2933.0,1.0,3.0,3.0,2.0,1.0,4.0,2.0,21.0,3.0,2.0,1.0,3.0,2.0,2.0,2.0,0
1040.0,1.0,19.0,2.0,6.0,811.0,1.0,1.0,4.0,2.0,1.0,1.0,1.0,33.0,3.0,2.0,1.0,3.0,2.0,1.0,2.0,0
1068.0,2.0,24.0,2.0,1.0,8367.0,1.0,5.0,4.0,2.0,1.0,2.0,4.0,48.0,3.0,2.0,1.0,3.0,2.0,2.0,2.0,0
1077.0,1.0,19.0,2.0,1.0,8295.0,5.0,5.0,1.0,3.0,1.0,4.0,2.0,53.0,3.0,2.0,1.0,3.0,2.0,2.0,2.0,0
1018.0,1.0,18.0,4.0,0.0,4389.0,1.0,5.0,1.0,2.0,1.0,4.0,1.0,34.0,3.0,2.0,3.0,3.0,2.0,2.0,2.0,0
951.0,1.0,13.0,0.0,3.0,7027.0,1.0,3.0,4.0,3.0,1.0,2.0,2.0,29.0,3.0,2.0,2.0,3.0,2.0,2.0,2.0,0
1108.0,1.0,26.0,2.0,3.0,2225.0,1.0,3.0,2.0,3.0,1.0,4.0,1.0,23.0,3.0,2.0,1.0,3.0,2.0,1.0,2.0,0
1181.0,1.0,26.0,2.0,0.0,2362.0,1.0,5.0,4.0,3.0,1.0,1.0,1.0,48.0,3.0,2.0,1.0,3.0,2.0,1.0,2.0,0
1070.0,4.0,23.0,4.0,0.0,8132.0,6.0,5.0,4.0,3.0,1.0,4.0,4.0,32.0,3.0,2.0,1.0,3.0,2.0,2.0,2.0,0
1139.0,2.0,13.0,2.0,3.0,6916.0,5.0,1.0,2.0,3.0,1.0,1.0,4.0,53.0,3.0,2.0,1.0,3.0,2.0,2.0,2.0,0
1056.0,1.0,32.0,4.0,2.0,6750.0,5.0,5.0,4.0,3.0,1.0,4.0,2.0,35.0,3.0,2.0,1.0,3.0,2.0,1.0,2.0,0
1116.0,2.0,44.0,2.0,3.0,3159.0,1.0,4.0,4.0,3.0,1.0,5.0,1.0,31.0,3.0,2.0,2.0,3.0,2.0,1.0,2.0,0
1059.0,4.0,10.0,4.0,6.0,1373.0,6.0,6.0,4.0,2.0,1.0,4.0,2.0,45.0,3.0,2.0,2.0,3.0,2.0,1.0,2.0,1
1008.0,1.0,20.0,2.0,3.0,1511.0,1.0,3.0,5.0,4.0,1.0,3.0,1.0,28.0,3.0,2.0,1.0,3.0,2.0,1.0,2.0,0
1104.0,4.0,20.0,4.0,2.0,6295.0,1.0,5.0,2.0,3.0,1.0,4.0,4.0,38.0,3.0,2.0,2.0,3.0,2.0,2.0,2.0,0
1074.0,4.0,7.0,2.0,6.0,1533.0,1.0,2.0,1.0,2.0,1.0,2.0,4.0,57.0,3.0,2.0,1.0,3.0,2.0,1.0,2.0,1
1115.0,2.0,41.0,3.0,6.0,8250.0,2.0,5.0,2.0,3.0,1.0,3.0,5.0,37.0,3.0,2.0,1.0,3.0,2.0,2.0,2.0,1
1046.0,2.0,15.0,2.0,3.0,787.0,3.0,3.0,4.0,3.0,1.0,3.0,1.0,68.0,3.0,2.0,1.0,3.0,2.0,1.0,2.0,0
1129.0,2.0,30.0,3.0,3.0,2082.0,2.0,2.0,4.0,3.0,1.0,3.0,4.0,32.0,3.0,2.0,2.0,3.0,2.0,1.0,2.0,0
978.0,2.0,45.0,1.0,1.0,8473.0,1.0,1.0,1.0,2.0,1.0,2.0,4.0,59.0,3.0,2.0,1.0,3.0,2.0,2.0,2.0,1
